-- phpMyAdmin SQL Dump
-- version 5.2.0
-- https://www.phpmyadmin.net/
--
-- 啸芯褋褌: 127.0.0.1:3306
-- 袙褉械屑褟 褋芯蟹写邪薪懈褟: 袠褞薪 25 2026 谐., 15:10
-- 袙械褉褋懈褟 褋械褉胁械褉邪: 5.6.51
-- 袙械褉褋懈褟 PHP: 7.2.34

SET SQL_MODE = "NO_AUTO_VALUE_ON_ZERO";
START TRANSACTION;
SET time_zone = "+00:00";


/*!40101 SET @OLD_CHARACTER_SET_CLIENT=@@CHARACTER_SET_CLIENT */;
/*!40101 SET @OLD_CHARACTER_SET_RESULTS=@@CHARACTER_SET_RESULTS */;
/*!40101 SET @OLD_COLLATION_CONNECTION=@@COLLATION_CONNECTION */;
/*!40101 SET NAMES utf8mb4 */;

--
-- 袘邪蟹邪 写邪薪薪褘褏: `BGN`
--

-- --------------------------------------------------------

--
-- 小褌褉褍泻褌褍褉邪 褌邪斜谢懈褑褘 `comments`
--

CREATE TABLE `comments` (
  `id` int(11) NOT NULL,
  `news_id` int(11) NOT NULL,
  `user_id` int(11) NOT NULL,
  `text` text COLLATE utf8mb4_unicode_ci NOT NULL,
  `likes_count` int(11) DEFAULT '0',
  `likes` int(11) DEFAULT '0',
  `created_at` timestamp NULL DEFAULT CURRENT_TIMESTAMP
) ENGINE=InnoDB DEFAULT CHARSET=utf8mb4 COLLATE=utf8mb4_unicode_ci;

--
-- 袛邪屑锌 写邪薪薪褘褏 褌邪斜谢懈褑褘 `comments`
--

INSERT INTO `comments` (`id`, `news_id`, `user_id`, `text`, `likes_count`, `likes`, `created_at`) VALUES
(1, 11, 2, '褎褘胁邪', 1, 0, '2026-06-22 11:50:22'),
(3, 11, 2, '袠屑斜邪', 1, 0, '2026-06-22 11:59:41'),
(12, 17, 2, '携 写芯褌械褉, 邪 屑芯泄 锌邪锌邪 褕邪褏屑邪褌懈褋褌, 写芯泻邪蟹邪薪薪芯!!!!!!', 1, 0, '2026-06-23 23:53:52'),
(100, 100, 2, '袧邪泻芯薪械褑-褌芯 TI 褋薪芯胁邪 褋褌邪薪械褌 谐褉邪薪写懈芯蟹薪褘屑 褋芯斜褘褌懈械屑! 袞写褍 薪械 写芯卸写褍褋褜 褎懈薪邪谢邪 胁 袣芯锌械薪谐邪谐械薪械!', 12, 0, '2026-06-20 08:15:00'),
(101, 100, 1, '40 谢褟屑芯胁 - 褝褌芯 泻芯薪械褔薪芯 泻褉褍褌芯, 薪芯 锌芯褔械屑褍 写芯 褋懈褏 锌芯褉 薪械褌 锌褉褟屑褘褏 褌褉邪薪褋谢褟褑懈泄 薪邪 褉褍褋褋泻芯屑?', 8, 0, '2026-06-20 09:30:00'),
(102, 100, 6, 'Team Spirit 胁 褝褌芯屑 谐芯写褍 锌褉芯褋褌芯 屑邪褕懈薪邪! 小褌邪胁谢褞 薪邪 薪懈褏 胁褋械 写械薪褜谐懈!', 3, 0, '2026-06-20 11:00:00'),
(103, 101, 1, 'PA 芯锌褟褌褜 nerf薪褍谢懈... 袣芯谐写邪 褍卸械 锌械褉械褋褌邪薪褍褌 锌芯褉褌懈褌褜 屑芯械谐芯 谢褞斜懈屑芯谐芯 谐械褉芯褟?', 6, 0, '2026-06-21 12:00:00'),
(104, 101, 2, '袧邪泻芯薪械褑-褌芯 Anti-Mage 锌芯谢褍褔懈谢 buff! 袙褉械屑褟 褎邪褉屑懈褌褜 懈 褌邪褖懈褌褜!', 9, 0, '2026-06-21 13:30:00'),
(105, 102, 6, 'Team Spirit 锌芯泻邪卸械褌 泻谢邪褋褋! 袪芯褋褋懈褟 胁锌械褉械写! 馃嚪馃嚭', 3, 0, '2026-06-22 07:00:00'),
(106, 102, 1, 'Heroic 褋懈谢褜薪褘, 薪芯 Spirit 薪邪 锌懈泻械 褎芯褉屑褘. 袘褍写褍 斜芯谢械褌褜 蟹邪 薪邪褕懈褏!', 11, 0, '2026-06-22 08:30:00'),
(107, 103, 2, 'AK-47 Cyber Force 锌褉芯褋褌芯 芯谐芯薪褜! 校卸械 胁褘斜懈谢, 泻褉邪褋芯褌邪 薪械褉械邪谢褜薪邪褟!', 18, 0, '2026-06-19 14:00:00'),
(108, 103, 6, '150 褉褍斜谢械泄 蟹邪 泻械泄褋? 协褌芯 谐褉邪斜械卸! 袥褍褔褕械 锌芯写芯卸写褍 锌芯泻邪 锌芯写械褕械胁械械褌.', 1, 0, '2026-06-19 15:00:00'),
(109, 104, 1, 'Neon 胁褘谐谢褟写懈褌 锌褉芯褋褌芯 薪械胁械褉芯褟褌薪芯! 袧邪泻芯薪械褑-褌芯 斜褘褋褌褉褘泄 邪谐械薪褌, 谢褞斜谢褞 褋锌褉懈薪褌械褉芯胁!', 14, 0, '2026-06-23 09:00:00'),
(110, 104, 2, '袝褖械 芯写懈薪 写褍褝谢褟薪褌... 袣芯谐写邪 褍卸械 薪芯褉屑邪谢褜薪芯谐芯 泻芯薪褌褉芯谢谢械褉邪 写芯斜邪胁褟褌?', 5, 0, '2026-06-23 10:00:00'),
(111, 106, 6, 'Apex 泻邪卸写褘泄 褋械蟹芯薪 褉邪写褍械褌! Catalyst 胁褘谐谢褟写懈褌 懈屑斜芯胁芯, 薪邪写芯 褌械褋褌懈褌褜!', 1, 0, '2026-06-24 06:00:00'),
(112, 108, 1, 'Minecraft 卸懈胁 懈 锌褉芯褑胁械褌邪械褌! 1.21 胁褘谐谢褟写懈褌 锌芯褌褉褟褋邪褞褖械, 芯褋芯斜械薪薪芯 薪芯胁褘泄 mob Breeze.', 21, 0, '2026-06-22 10:00:00'),
(113, 108, 2, '袧邪泻芯薪械褑-褌芯 邪胁褌芯屑邪褌懈褔械褋泻懈泄 泻褉邪褎褌! 小泻芯谢褜泻芯 屑芯卸薪芯 斜褘谢芯 卸写邪褌褜 褝褌褍 褎懈褔褍?', 13, 0, '2026-06-22 11:00:00'),
(114, 109, 6, 'GTA VI 胁 2027?! 协褌芯 卸械 褌邪泻 写芯谢谐芯 卸写邪褌褜... 袧芯 褋泻褉懈薪褕芯褌褘 锌褉芯褋褌芯 泻芯褋屑芯褋!', 3, 0, '2026-06-23 15:00:00'),
(115, 109, 1, 'Vice City 胁芯蟹胁褉邪褖邪械褌褋褟! 袧芯褋褌邪谢褜谐懈褟 锌芯 GTA Vice City 薪邪泻褉褘胁邪械褌 褋 谐芯谢芯胁芯泄.', 28, 0, '2026-06-23 16:00:00'),
(116, 109, 2, 'Lucia - 锌械褉胁邪褟 卸械薪褋泻邪褟 锌褉芯褌邪谐芯薪懈褋褌泻邪 胁 3D 胁褋械谢械薪薪芯泄! 协褌芯 懈褋褌芯褉懈褔械褋泻芯械 褋芯斜褘褌懈械!', 19, 0, '2026-06-23 17:00:00'),
(117, 110, 6, '袙械写褜屑邪泻 4 褋 笑懈褉懈 胁 谐谢邪胁薪芯泄 褉芯谢懈 - 褝褌芯 屑械褔褌邪! CDPR 蟹薪邪褞褌 泻邪泻 褋写械谢邪褌褜 RPG!', 3, 0, '2026-06-21 18:00:00'),
(200, 106, 6, 'Apex 泻邪卸写褘泄 褋械蟹芯薪 褉邪写褍械褌! Catalyst 胁褘谐谢褟写懈褌 懈屑斜芯胁芯, 薪邪写芯 褌械褋褌懈褌褜!', 1, 0, '2026-06-24 15:30:51');

-- --------------------------------------------------------

--
-- 小褌褉褍泻褌褍褉邪 褌邪斜谢懈褑褘 `comment_likes`
--

CREATE TABLE `comment_likes` (
  `id` int(11) NOT NULL,
  `comment_id` int(11) NOT NULL,
  `user_id` int(11) NOT NULL,
  `created_at` datetime DEFAULT CURRENT_TIMESTAMP
) ENGINE=InnoDB DEFAULT CHARSET=utf8mb4 COLLATE=utf8mb4_unicode_ci;

--
-- 袛邪屑锌 写邪薪薪褘褏 褌邪斜谢懈褑褘 `comment_likes`
--

INSERT INTO `comment_likes` (`id`, `comment_id`, `user_id`, `created_at`) VALUES
(1, 100, 6, '2026-06-20 11:20:00'),
(2, 100, 1, '2026-06-20 11:25:00'),
(3, 102, 1, '2026-06-20 14:10:00'),
(4, 102, 2, '2026-06-20 14:15:00'),
(5, 105, 1, '2026-06-22 10:05:00'),
(6, 105, 2, '2026-06-22 10:10:00'),
(7, 107, 6, '2026-06-19 17:10:00'),
(8, 107, 1, '2026-06-19 17:20:00'),
(9, 114, 1, '2026-06-23 18:05:00'),
(10, 114, 2, '2026-06-23 18:10:00'),
(11, 115, 6, '2026-06-23 19:05:00'),
(12, 117, 1, '2026-06-21 21:10:00'),
(13, 117, 2, '2026-06-21 21:15:00'),
(17, 111, 6, '2026-06-24 18:30:39'),
(18, 200, 6, '2026-06-24 18:30:53'),
(19, 114, 6, '2026-06-24 19:46:18'),
(20, 105, 6, '2026-06-24 19:46:19'),
(21, 117, 6, '2026-06-24 19:46:20'),
(22, 102, 6, '2026-06-24 19:46:21'),
(23, 108, 6, '2026-06-24 19:46:21'),
(24, 12, 6, '2026-06-25 10:54:07');

-- --------------------------------------------------------

--
-- 小褌褉褍泻褌褍褉邪 褌邪斜谢懈褑褘 `favorites`
--

CREATE TABLE `favorites` (
  `id` int(11) NOT NULL,
  `user_id` int(11) NOT NULL,
  `news_id` int(11) NOT NULL,
  `created_at` timestamp NULL DEFAULT CURRENT_TIMESTAMP
) ENGINE=InnoDB DEFAULT CHARSET=utf8mb4 COLLATE=utf8mb4_unicode_ci;

--
-- 袛邪屑锌 写邪薪薪褘褏 褌邪斜谢懈褑褘 `favorites`
--

INSERT INTO `favorites` (`id`, `user_id`, `news_id`, `created_at`) VALUES
(1, 1, 100, '2026-06-20 08:30:00'),
(2, 1, 109, '2026-06-23 15:30:00'),
(3, 1, 110, '2026-06-21 18:30:00'),
(4, 2, 102, '2026-06-22 07:30:00'),
(5, 2, 104, '2026-06-23 09:30:00'),
(6, 2, 106, '2026-06-24 06:30:00'),
(7, 6, 100, '2026-06-20 11:30:00'),
(8, 6, 108, '2026-06-22 10:30:00'),
(9, 6, 109, '2026-06-23 16:30:00'),
(18, 6, 106, '2026-06-24 15:36:45'),
(21, 6, 201, '2026-06-24 16:57:26'),
(22, 6, 200, '2026-06-24 16:57:30'),
(24, 2, 203, '2026-06-25 09:19:52');

-- --------------------------------------------------------

--
-- 小褌褉褍泻褌褍褉邪 褌邪斜谢懈褑褘 `games`
--

CREATE TABLE `games` (
  `id` int(11) NOT NULL,
  `name` varchar(100) COLLATE utf8mb4_unicode_ci NOT NULL,
  `slug` varchar(100) COLLATE utf8mb4_unicode_ci NOT NULL,
  `icon` varchar(255) COLLATE utf8mb4_unicode_ci DEFAULT NULL,
  `created_at` timestamp NULL DEFAULT CURRENT_TIMESTAMP
) ENGINE=InnoDB DEFAULT CHARSET=utf8mb4 COLLATE=utf8mb4_unicode_ci;

--
-- 袛邪屑锌 写邪薪薪褘褏 褌邪斜谢懈褑褘 `games`
--

INSERT INTO `games` (`id`, `name`, `slug`, `icon`, `created_at`) VALUES
(1, 'DOTA 2', 'dota-2', '/assets/Media/ico/icons8-写芯褌邪-2.svg', '2026-06-18 15:38:02'),
(2, 'Counter-Strike 2', 'counter-strike-2', '/assets/Media/ico/icons8-counter-strike.svg', '2026-06-18 15:38:02'),
(3, 'Valorant', 'valorant', '/assets/Media/ico/icons8-valorant.svg', '2026-06-18 15:38:02'),
(4, 'Apex Legends', 'apex-legends', '/assets/Media/ico/icons8-riot-games.svg', '2026-06-18 15:38:02'),
(5, 'Fortnite', 'fortnite', '/assets/Media/ico/icons8-fortnite.svg', '2026-06-18 15:38:02'),
(6, 'Call of Duty', 'call-of-duty', '/assets/Media/ico/icons8-call-of-duty-black-ops-3.svg', '2026-06-18 15:38:02'),
(7, 'League of Legends', 'league-of-legends', '/assets/Media/ico/icons8-邪写褋泻懈泄-写褉邪泻芯薪-league-of-legends.svg', '2026-06-18 15:38:02'),
(8, 'Overwatch 2', 'overwatch-2', '/assets/Media/ico/icons8-overwatch.svg', '2026-06-18 15:38:02'),
(9, 'Genshin Impact', 'genshin-impact', '/assets/Media/ico/icons8-genshin-impact-logo.svg', '2026-06-18 15:38:02'),
(10, 'World of Warcraft', 'world-of-warcraft', '/assets/Media/ico/icons8-world-of-warcraft.svg', '2026-06-18 15:38:02'),
(11, 'Among Us', 'among-us', '/assets/Media/ico/icons8-among-us.svg', '2026-06-18 15:38:02'),
(12, 'Minecraft', 'minecraft', '/assets/Media/ico/icons8-泻褍斜-褌褉邪胁褘-懈蟹-minecraft.svg', '2026-06-18 15:38:02'),
(13, 'Grand Theft Auto V', 'gta-v', '/assets/Media/ico/icons8-grand-theft-auto-v.svg', '2026-06-18 15:38:02'),
(14, 'Red Dead Redemption 2', 'red-dead-redemption-2', '/assets/Media/ico/red-dead-redemption-2-wordmark-light.svg', '2026-06-18 15:38:02'),
(15, 'The Witcher 3', 'the-witcher-3', '/assets/Media/ico/icons8-胁械写褜屑邪泻-2.svg', '2026-06-18 15:38:02');

-- --------------------------------------------------------

--
-- 小褌褉褍泻褌褍褉邪 褌邪斜谢懈褑褘 `likes`
--

CREATE TABLE `likes` (
  `id` int(11) NOT NULL,
  `user_id` int(11) NOT NULL,
  `news_id` int(11) NOT NULL,
  `created_at` datetime DEFAULT CURRENT_TIMESTAMP
) ENGINE=InnoDB DEFAULT CHARSET=utf8mb4 COLLATE=utf8mb4_unicode_ci;

-- --------------------------------------------------------

--
-- 小褌褉褍泻褌褍褉邪 褌邪斜谢懈褑褘 `news`
--

CREATE TABLE `news` (
  `id` int(11) NOT NULL,
  `title` varchar(255) COLLATE utf8mb4_unicode_ci NOT NULL,
  `content` text COLLATE utf8mb4_unicode_ci NOT NULL,
  `short_description` text COLLATE utf8mb4_unicode_ci,
  `tags` varchar(255) COLLATE utf8mb4_unicode_ci DEFAULT NULL,
  `status` enum('draft','pending','published') COLLATE utf8mb4_unicode_ci DEFAULT 'pending',
  `is_featured` tinyint(1) DEFAULT '0',
  `featured_date` date DEFAULT NULL,
  `image` varchar(255) COLLATE utf8mb4_unicode_ci DEFAULT NULL,
  `category` enum('games','news','articles','videos') COLLATE utf8mb4_unicode_ci DEFAULT 'news',
  `game_id` int(11) DEFAULT NULL,
  `author_id` int(11) NOT NULL,
  `views` int(11) DEFAULT '0',
  `likes_count` int(11) DEFAULT '0',
  `created_at` timestamp NULL DEFAULT CURRENT_TIMESTAMP,
  `updated_at` timestamp NULL DEFAULT CURRENT_TIMESTAMP ON UPDATE CURRENT_TIMESTAMP
) ENGINE=InnoDB DEFAULT CHARSET=utf8mb4 COLLATE=utf8mb4_unicode_ci;

--
-- 袛邪屑锌 写邪薪薪褘褏 褌邪斜谢懈褑褘 `news`
--

INSERT INTO `news` (`id`, `title`, `content`, `short_description`, `tags`, `status`, `is_featured`, `featured_date`, `image`, `category`, `game_id`, `author_id`, `views`, `likes_count`, `created_at`, `updated_at`) VALUES
(11, '袩谢邪褌薪褘械 褍褋谢褍谐懈', 'fasfasfasfasf', 'asfasfasdfsa', 'asfasfasfasf', 'published', 1, NULL, 'assets/Media/news/news_6a35161b596f4_ded59c00.png', 'games', 4, 2, 33, 2, '2026-06-19 10:12:43', '2026-06-25 10:14:48'),
(15, 'asd', 'asd', 'asd', 'asd', 'published', 1, NULL, 'assets/Media/news/news_6a39d0819ff2c_aa67b837.jpg', 'games', 6, 2, 4, 1, '2026-06-23 00:17:05', '2026-06-25 10:13:20'),
(16, '袩谢邪褌薪褘械 褍褋谢褍谐懈', '褖写写谢芯褜蟹谢褉蟹褖写芯褉褏蟹褖褕谢芯褉蟹褕芯蟹褕褖芯蟹褖褕芯蟹褖芯褖写写谢芯褜蟹谢褉蟹褖写芯褉褏蟹褖褕谢芯褉蟹褕芯蟹褕褖芯蟹褖褕芯蟹褖芯褖写写谢芯褜蟹谢褉蟹褖写芯褉褏蟹褖褕谢芯褉蟹褕芯蟹褕褖芯蟹褖褕芯蟹褖芯褖写写谢芯褜蟹谢褉蟹褖写芯褉褏蟹褖褕谢芯褉蟹褕芯蟹褕褖芯蟹褖褕芯蟹褖芯褖写写谢芯褜蟹谢褉蟹褖写芯褉褏蟹褖褕谢芯褉蟹褕芯蟹褕褖芯蟹褖褕芯蟹褖芯褖写写谢芯褜蟹谢褉蟹褖写芯褉褏蟹褖褕谢芯褉蟹褕芯蟹褕褖芯蟹褖褕芯蟹褖芯褖写写谢芯褜蟹谢褉蟹褖写芯褉褏蟹褖褕谢芯褉蟹褕芯蟹褕褖芯蟹褖褕芯蟹褖芯褖写写谢芯褜蟹谢褉蟹褖写芯褉褏蟹褖褕谢芯褉蟹褕芯蟹褕褖芯蟹褖褕芯蟹褖芯褖写写谢芯褜蟹谢褉蟹褖写芯褉褏蟹褖褕谢芯褉蟹褕芯蟹褕褖芯蟹褖褕芯蟹褖芯褖写写谢芯褜蟹谢褉蟹褖写芯褉褏蟹褖褕谢芯褉蟹褕芯蟹褕褖芯蟹褖褕芯蟹褖芯褖写写谢芯褜蟹谢褉蟹褖写芯褉褏蟹褖褕谢芯褉蟹褕芯蟹褕褖芯蟹褖褕芯蟹褖芯褖写写谢芯褜蟹谢褉蟹褖写芯褉褏蟹褖褕谢芯褉蟹褕芯蟹褕褖芯蟹褖褕芯蟹褖芯褖写写谢芯褜蟹谢褉蟹褖写芯褉褏蟹褖褕谢芯褉蟹褕芯蟹褕褖芯蟹褖褕芯蟹褖芯褖写写谢芯褜蟹谢褉蟹褖写芯褉褏蟹褖褕谢芯褉蟹褕芯蟹褕褖芯蟹褖褕芯蟹褖芯褖写写谢芯褜蟹谢褉蟹褖写芯褉褏蟹褖褕谢芯褉蟹褕芯蟹褕褖芯蟹褖褕芯蟹褖芯褖写写谢芯褜蟹谢褉蟹褖写芯褉褏蟹褖褕谢芯褉蟹褕芯蟹褕褖芯蟹褖褕芯蟹褖芯褖写写谢芯褜蟹谢褉蟹褖写芯褉褏蟹褖褕谢芯褉蟹褕芯蟹褕褖芯蟹褖褕芯蟹褖芯褖写写谢芯褜蟹谢褉蟹褖写芯褉褏蟹褖褕谢芯褉蟹褕芯蟹褕褖芯蟹褖褕芯蟹褖芯褖写写谢芯褜蟹谢褉蟹褖写芯褉褏蟹褖褕谢芯褉蟹褕芯蟹褕褖芯蟹褖褕芯蟹褖芯褖写写谢芯褜蟹谢褉蟹褖写芯褉褏蟹褖褕谢芯褉蟹褕芯蟹褕褖芯蟹褖褕芯蟹褖芯褖写写谢芯褜蟹谢褉蟹褖写芯褉褏蟹褖褕谢芯褉蟹褕芯蟹褕褖芯蟹褖褕芯蟹褖芯褖写写谢芯褜蟹谢褉蟹褖写芯褉褏蟹褖褕谢芯褉蟹褕芯蟹褕褖芯蟹褖褕芯蟹褖芯褖写写谢芯褜蟹谢褉蟹褖写芯褉褏蟹褖褕谢芯褉蟹褕芯蟹褕褖芯蟹褖褕芯蟹褖芯褖写写谢芯褜蟹谢褉蟹褖写芯褉褏蟹褖褕谢芯褉蟹褕芯蟹褕褖芯蟹褖褕芯蟹褖芯褖写写谢芯褜蟹谢褉蟹褖写芯褉褏蟹褖褕谢芯褉蟹褕芯蟹褕褖芯蟹褖褕芯蟹褖芯褖写写谢芯褜蟹谢褉蟹褖写芯褉褏蟹褖褕谢芯褉蟹褕芯蟹褕褖芯蟹褖褕芯蟹褖芯褖写写谢芯褜蟹谢褉蟹褖写芯褉褏蟹褖褕谢芯褉蟹褕芯蟹褕褖芯蟹褖褕芯蟹褖芯褖写写谢芯褜蟹谢褉蟹褖写芯褉褏蟹褖褕谢芯褉蟹褕芯蟹褕褖芯蟹褖褕芯蟹褖芯褖写写谢芯褜蟹谢褉蟹褖写芯褉褏蟹褖褕谢芯褉蟹褕芯蟹褕褖芯蟹褖褕芯蟹褖芯褖写写谢芯褜蟹谢褉蟹褖写芯褉褏蟹褖褕谢芯褉蟹褕芯蟹褕褖芯蟹褖褕芯蟹褖芯褖写写谢芯褜蟹谢褉蟹褖写芯褉褏蟹褖褕谢芯褉蟹褕芯蟹褕褖芯蟹褖褕芯蟹褖芯褖写写谢芯褜蟹谢褉蟹褖写芯褉褏蟹褖褕谢芯褉蟹褕芯蟹褕褖芯蟹褖褕芯蟹褖芯褖写写谢芯褜蟹谢褉蟹褖写芯褉褏蟹褖褕谢芯褉蟹褕芯蟹褕褖芯蟹褖褕芯蟹褖芯褖写写谢芯褜蟹谢褉蟹褖写芯褉褏蟹褖褕谢芯褉蟹褕芯蟹褕褖芯蟹褖褕芯蟹褖芯褖写写谢芯褜蟹谢褉蟹褖写芯褉褏蟹褖褕谢芯褉蟹褕芯蟹褕褖芯蟹褖褕芯蟹褖芯褖写写谢芯褜蟹谢褉蟹褖写芯褉褏蟹褖褕谢芯褉蟹褕芯蟹褕褖芯蟹褖褕芯蟹褖芯褖写写谢芯褜蟹谢褉蟹褖写芯褉褏蟹褖褕谢芯褉蟹褕芯蟹褕褖芯蟹褖褕芯蟹褖芯褖写写谢芯褜蟹谢褉蟹褖写芯褉褏蟹褖褕谢芯褉蟹褕芯蟹褕褖芯蟹褖褕芯蟹褖芯褖写写谢芯褜蟹谢褉蟹褖写芯褉褏蟹褖褕谢芯褉蟹褕芯蟹褕褖芯蟹褖褕芯蟹褖芯褖写写谢芯褜蟹谢褉蟹褖写芯褉褏蟹褖褕谢芯褉蟹褕芯蟹褕褖芯蟹褖褕芯蟹褖芯褖写写谢芯褜蟹谢褉蟹褖写芯褉褏蟹褖褕谢芯褉蟹褕芯蟹褕褖芯蟹褖褕芯蟹褖芯褖写写谢芯褜蟹谢褉蟹褖写芯褉褏蟹褖褕谢芯褉蟹褕芯蟹褕褖芯蟹褖褕芯蟹褖芯褖写写谢芯褜蟹谢褉蟹褖写芯褉褏蟹褖褕谢芯褉蟹褕芯蟹褕褖芯蟹褖褕芯蟹褖芯褖写写谢芯褜蟹谢褉蟹褖写芯褉褏蟹褖褕谢芯褉蟹褕芯蟹褕褖芯蟹褖褕芯蟹褖芯褖写写谢芯褜蟹谢褉蟹褖写芯褉褏蟹褖褕谢芯褉蟹褕芯蟹褕褖芯蟹褖褕芯蟹褖芯褖写写谢芯褜蟹谢褉蟹褖写芯褉褏蟹褖褕谢芯褉蟹褕芯蟹褕褖芯蟹褖褕芯蟹褖芯褖写写谢芯褜蟹谢褉蟹褖写芯褉褏蟹褖褕谢芯褉蟹褕芯蟹褕褖芯蟹褖褕芯蟹褖芯褖写写谢芯褜蟹谢褉蟹褖写芯褉褏蟹褖褕谢芯褉蟹褕芯蟹褕褖芯蟹褖褕芯蟹褖芯褖写写谢芯褜蟹谢褉蟹褖写芯褉褏蟹褖褕谢芯褉蟹褕芯蟹褕褖芯蟹褖褕芯蟹褖芯褖写写谢芯褜蟹谢褉蟹褖写芯褉褏蟹褖褕谢芯褉蟹褕芯蟹褕褖芯蟹褖褕芯蟹褖芯褖写写谢芯褜蟹谢褉蟹褖写芯褉褏蟹褖褕谢芯褉蟹褕芯蟹褕褖芯蟹褖褕芯蟹褖芯褖写写谢芯褜蟹谢褉蟹褖写芯褉褏蟹褖褕谢芯褉蟹褕芯蟹褕褖芯蟹褖褕芯蟹褖芯褖写写谢芯褜蟹谢褉蟹褖写芯褉褏蟹褖褕谢芯褉蟹褕芯蟹褕褖芯蟹褖褕芯蟹褖芯褖写写谢芯褜蟹谢褉蟹褖写芯褉褏蟹褖褕谢芯褉蟹褕芯蟹褕褖芯蟹褖褕芯蟹褖芯褖写写谢芯褜蟹谢褉蟹褖写芯褉褏蟹褖褕谢芯褉蟹褕芯蟹褕褖芯蟹褖褕芯蟹褖芯褖写写谢芯褜蟹谢褉蟹褖写芯褉褏蟹褖褕谢芯褉蟹褕芯蟹褕褖芯蟹褖褕芯蟹褖芯褖写写谢芯褜蟹谢褉蟹褖写芯褉褏蟹褖褕谢芯褉蟹褕芯蟹褕褖芯蟹褖褕芯蟹褖芯褖写写谢芯褜蟹谢褉蟹褖写芯褉褏蟹褖褕谢芯褉蟹褕芯蟹褕褖芯蟹褖褕芯蟹褖芯褖写写谢芯褜蟹谢褉蟹褖写芯褉褏蟹褖褕谢芯褉蟹褕芯蟹褕褖芯蟹褖褕芯蟹褖芯褖写写谢芯褜蟹谢褉蟹褖写芯褉褏蟹褖褕谢芯褉蟹褕芯蟹褕褖芯蟹褖褕芯蟹褖芯褖写写谢芯褜蟹谢褉蟹褖写芯褉褏蟹褖褕谢芯褉蟹褕芯蟹褕褖芯蟹褖褕芯蟹褖芯褖写写谢芯褜蟹谢褉蟹褖写芯褉褏蟹褖褕谢芯褉蟹褕芯蟹褕褖芯蟹褖褕芯蟹褖芯褖写写谢芯褜蟹谢褉蟹褖写芯褉褏蟹褖褕谢芯褉蟹褕芯蟹褕褖芯蟹褖褕芯蟹褖芯褖写写谢芯褜蟹谢褉蟹褖写芯褉褏蟹褖褕谢芯褉蟹褕芯蟹褕褖芯蟹褖褕芯蟹褖芯褖写写谢芯褜蟹谢褉蟹褖写芯褉褏蟹褖褕谢芯褉蟹褕芯蟹褕褖芯蟹褖褕芯蟹褖芯褖写写谢芯褜蟹谢褉蟹褖写芯褉褏蟹褖褕谢芯褉蟹褕芯蟹褕褖芯蟹褖褕芯蟹褖芯褖写写谢芯褜蟹谢褉蟹褖写芯褉褏蟹褖褕谢芯褉蟹褕芯蟹褕褖芯蟹褖褕芯蟹褖芯褖写写谢芯褜蟹谢褉蟹褖写芯褉褏蟹褖褕谢芯褉蟹褕芯蟹褕褖芯蟹褖褕芯蟹褖芯褖写写谢芯褜蟹谢褉蟹褖写芯褉褏蟹褖褕谢芯褉蟹褕芯蟹褕褖芯蟹褖褕芯蟹褖芯褖写写谢芯褜蟹谢褉蟹褖写芯褉褏蟹褖褕谢芯褉蟹褕芯蟹褕褖芯蟹褖褕芯蟹褖芯褖写写谢芯褜蟹谢褉蟹褖写芯褉褏蟹褖褕谢芯褉蟹褕芯蟹褕褖芯蟹褖褕芯蟹褖芯褖写写谢芯褜蟹谢褉蟹褖写芯褉褏蟹褖褕谢芯褉蟹褕芯蟹褕褖芯蟹褖褕芯蟹褖芯褖写写谢芯褜蟹谢褉蟹褖写芯褉褏蟹褖褕谢芯褉蟹褕芯蟹褕褖芯蟹褖褕芯蟹褖芯褖写写谢芯褜蟹谢褉蟹褖写芯褉褏蟹褖褕谢芯褉蟹褕芯蟹褕褖芯蟹褖褕芯蟹褖芯褖写写谢芯褜蟹谢褉蟹褖写芯褉褏蟹褖褕谢芯褉蟹褕芯蟹褕褖芯蟹褖褕芯蟹褖芯褖写写谢芯褜蟹谢褉蟹褖写芯褉褏蟹褖褕谢芯褉蟹褕芯蟹褕褖芯蟹褖褕芯蟹褖芯褖写写谢芯褜蟹谢褉蟹褖写芯褉褏蟹褖褕谢芯褉蟹褕芯蟹褕褖芯蟹褖褕芯蟹褖芯褖写写谢芯褜蟹谢褉蟹褖写芯褉褏蟹褖褕谢芯褉蟹褕芯蟹褕褖芯蟹褖褕芯蟹褖芯褖写写谢芯褜蟹谢褉蟹褖写芯褉褏蟹褖褕谢芯褉蟹褕芯蟹褕褖芯蟹褖褕芯蟹褖芯褖写写谢芯褜蟹谢褉蟹褖写芯褉褏蟹褖褕谢芯褉蟹褕芯蟹褕褖芯蟹褖褕芯蟹褖芯褖写写谢芯褜蟹谢褉蟹褖写芯褉褏蟹褖褕谢芯褉蟹褕芯蟹褕褖芯蟹褖褕芯蟹褖芯褖写写谢芯褜蟹谢褉蟹褖写芯褉褏蟹褖褕谢芯褉蟹褕芯蟹褕褖芯蟹褖褕芯蟹褖芯褖写写谢芯褜蟹谢褉蟹褖写芯褉褏蟹褖褕谢芯褉蟹褕芯蟹褕褖芯蟹褖褕芯蟹褖芯褖写写谢芯褜蟹谢褉蟹褖写芯褉褏蟹褖褕谢芯褉蟹褕芯蟹褕褖芯蟹褖褕芯蟹褖芯褖写写谢芯褜蟹谢褉蟹褖写芯褉褏蟹褖褕谢芯褉蟹褕芯蟹褕褖芯蟹褖褕芯蟹褖芯褖写写谢芯褜蟹谢褉蟹褖写芯褉褏蟹褖褕谢芯褉蟹褕芯蟹褕褖芯蟹褖褕芯蟹褖芯褖写写谢芯褜蟹谢褉蟹褖写芯褉褏蟹褖褕谢芯褉蟹褕芯蟹褕褖芯蟹褖褕芯蟹褖芯褖写写谢芯褜蟹谢褉蟹褖写芯褉褏蟹褖褕谢芯褉蟹褕芯蟹褕褖芯蟹褖褕芯蟹褖芯褖写写谢芯褜蟹谢褉蟹褖写芯褉褏蟹褖褕谢芯褉蟹褕芯蟹褕褖芯蟹褖褕芯蟹褖芯褖写写谢芯褜蟹谢褉蟹褖写芯褉褏蟹褖褕谢芯褉蟹褕芯蟹褕褖芯蟹褖褕芯蟹褖芯褖写写谢芯褜蟹谢褉蟹褖写芯褉褏蟹褖褕谢芯褉蟹褕芯蟹褕褖芯蟹褖褕芯蟹褖芯褖写写谢芯褜蟹谢褉蟹褖写芯褉褏蟹褖褕谢芯褉蟹褕芯蟹褕褖芯蟹褖褕芯蟹褖芯褖写写谢芯褜蟹谢褉蟹褖写芯褉褏蟹褖褕谢芯褉蟹褕芯蟹褕褖芯蟹褖褕芯蟹褖芯褖写写谢芯褜蟹谢褉蟹褖写芯褉褏蟹褖褕谢芯褉蟹褕芯蟹褕褖芯蟹褖褕芯蟹褖芯褖写写谢芯褜蟹谢褉蟹褖写芯褉褏蟹褖褕谢芯褉蟹褕芯蟹褕褖芯蟹褖褕芯蟹褖芯褖写写谢芯褜蟹谢褉蟹褖写芯褉褏蟹褖褕谢芯褉蟹褕芯蟹褕褖芯蟹褖褕芯蟹褖芯褖写写谢芯褜蟹谢褉蟹褖写芯褉褏蟹褖褕谢芯褉蟹褕芯蟹褕褖芯蟹褖褕芯蟹褖芯褖写写谢芯褜蟹谢褉蟹褖写芯褉褏蟹褖褕谢芯褉蟹褕芯蟹褕褖芯蟹褖褕芯蟹褖芯褖写写谢芯褜蟹谢褉蟹褖写芯褉褏蟹褖褕谢芯褉蟹褕芯蟹褕褖芯蟹褖褕芯蟹褖芯褖写写谢芯褜蟹谢褉蟹褖写芯褉褏蟹褖褕谢芯褉蟹褕芯蟹褕褖芯蟹褖褕芯蟹褖芯褖写写谢芯褜蟹谢褉蟹褖写芯褉褏蟹褖褕谢芯褉蟹褕芯蟹褕褖芯蟹褖褕芯蟹褖芯褖写写谢芯褜蟹谢褉蟹褖写芯褉褏蟹褖褕谢芯褉蟹褕芯蟹褕褖芯蟹褖褕芯蟹褖芯褖写写谢芯褜蟹谢褉蟹褖写芯褉褏蟹褖褕谢芯褉蟹褕芯蟹褕褖芯蟹褖褕芯蟹褖芯褖写写谢芯褜蟹谢褉蟹褖写芯褉褏蟹褖褕谢芯褉蟹褕芯蟹褕褖芯蟹褖褕芯蟹褖芯褖写写谢芯褜蟹谢褉蟹褖写芯褉褏蟹褖褕谢芯褉蟹褕芯蟹褕褖芯蟹褖褕芯蟹褖芯褖写写谢芯褜蟹谢褉蟹褖写芯褉褏蟹褖褕谢芯褉蟹褕芯蟹褕褖芯蟹褖褕芯蟹褖芯褖写写谢芯褜蟹谢褉蟹褖写芯褉褏蟹褖褕谢芯褉蟹褕芯蟹褕褖芯蟹褖褕芯蟹褖芯褖写写谢芯褜蟹谢褉蟹褖写芯褉褏蟹褖褕谢芯褉蟹褕芯蟹褕褖芯蟹褖褕芯蟹褖芯褖写写谢芯褜蟹谢褉蟹褖写芯褉褏蟹褖褕谢芯褉蟹褕芯蟹褕褖芯蟹褖褕芯蟹褖芯褖写写谢芯褜蟹谢褉蟹褖写芯褉褏蟹褖褕谢芯褉蟹褕芯蟹褕褖芯蟹褖褕芯蟹褖芯褖写写谢芯褜蟹谢褉蟹褖写芯褉褏蟹褖褕谢芯褉蟹褕芯蟹褕褖芯蟹褖褕芯蟹褖芯褖写写谢芯褜蟹谢褉蟹褖写芯褉褏蟹褖褕谢芯褉蟹褕芯蟹褕褖芯蟹褖褕芯蟹褖芯褖写写谢芯褜蟹谢褉蟹褖写芯褉褏蟹褖褕谢芯褉蟹褕芯蟹褕褖芯蟹褖褕芯蟹褖芯褖写写谢芯褜蟹谢褉蟹褖写芯褉褏蟹褖褕谢芯褉蟹褕芯蟹褕褖芯蟹褖褕芯蟹褖芯褖写写谢芯褜蟹谢褉蟹褖写芯褉褏蟹褖褕谢芯褉蟹褕芯蟹褕褖芯蟹褖褕芯蟹褖芯褖写写谢芯褜蟹谢褉蟹褖写芯褉褏蟹褖褕谢芯褉蟹褕芯蟹褕褖芯蟹褖褕芯蟹褖芯', '卸褖写写谢芯褜蟹谢褉蟹褖写芯褉褏蟹褖褕谢芯褉蟹褕芯蟹褕褖芯蟹褖褕芯蟹褖芯褖写写谢芯褜蟹谢褉蟹褖写芯褉褏蟹褖褕谢芯褉蟹褕芯蟹褕褖芯蟹褖褕芯蟹褖芯褖写写谢芯褜蟹谢褉蟹褖写芯褉褏蟹褖褕谢芯褉蟹褕芯蟹褕褖芯蟹褖褕芯蟹褖芯褖写写谢芯褜蟹谢褉蟹褖写芯褉褏蟹褖褕谢芯褉蟹褕芯蟹褕褖芯蟹褖褕芯蟹褖芯褖写写谢芯褜蟹谢褉蟹褖写芯褉褏蟹褖褕谢芯褉蟹褕芯蟹褕褖芯蟹褖褕芯蟹褖芯褖写写谢芯褜蟹谢褉蟹褖写芯褉褏蟹褖褕谢芯褉蟹褕芯蟹褕褖芯蟹褖褕芯蟹褖芯褖写写谢芯褜蟹谢褉蟹褖写芯褉褏蟹褖褕谢芯褉蟹褕芯蟹褕褖芯蟹褖褕芯蟹褖芯褖写写谢芯褜蟹谢褉蟹褖写芯褉褏蟹褖褕谢芯褉蟹褕芯蟹褕褖芯蟹褖褕芯蟹褖芯褖写写谢芯褜蟹谢褉蟹褖写芯褉褏蟹褖褕谢芯褉蟹褕芯蟹褕褖芯蟹褖褕芯蟹褖芯褖写写谢芯褜蟹谢褉蟹褖写芯褉褏蟹褖褕谢芯褉蟹褕芯蟹褕褖芯蟹褖褕芯蟹褖芯褖写写谢芯褜蟹谢褉蟹褖写芯褉褏蟹褖褕谢芯褉蟹褕芯蟹褕褖芯蟹褖褕芯蟹褖芯褖写写谢芯褜蟹谢褉蟹褖写芯褉褏蟹褖褕谢芯褉蟹褕芯蟹褕褖芯蟹褖褕芯蟹褖芯褖写写谢芯褜蟹谢褉蟹褖写芯褉褏蟹褖褕谢芯褉蟹褕芯蟹褕褖芯蟹褖褕芯蟹褖芯', '褎胁褘', 'published', 1, NULL, 'assets/Media/news/news_6a3ad36707e67_dea5e8e4.jpg', 'news', NULL, 2, 6, 1, '2026-06-23 18:41:43', '2026-06-25 10:13:22'),
(17, '啸褍泄', '校 懈谐褉芯泻芯胁 DOTA 2 褔谢械薪 屑械薪褜褕械 褔械屑 褍 褕邪褏屑邪褌懈褋褌芯胁, (写芯泻邪蟹邪薪芯 胁褉邪褔邪屑懈) 校 懈谐褉芯泻芯胁 DOTA 2 褔谢械薪 屑械薪褜褕械 褔械屑 褍 褕邪褏屑邪褌懈褋褌芯胁, (写芯泻邪蟹邪薪芯 胁褉邪褔邪屑懈)校 懈谐褉芯泻芯胁 DOTA 2 褔谢械薪 屑械薪褜褕械 褔械屑 褍 褕邪褏屑邪褌懈褋褌芯胁, (写芯泻邪蟹邪薪芯 胁褉邪褔邪屑懈)校 懈谐褉芯泻芯胁 DOTA 2 褔谢械薪 屑械薪褜褕械 褔械屑 褍 褕邪褏屑邪褌懈褋褌芯胁, (写芯泻邪蟹邪薪芯 胁褉邪褔邪屑懈)校 懈谐褉芯泻芯胁 DOTA 2 褔谢械薪 屑械薪褜褕械 褔械屑 褍 褕邪褏屑邪褌懈褋褌芯胁, (写芯泻邪蟹邪薪芯 胁褉邪褔邪屑懈)校 懈谐褉芯泻芯胁 DOTA 2 褔谢械薪 屑械薪褜褕械 褔械屑 褍 褕邪褏屑邪褌懈褋褌芯胁, (写芯泻邪蟹邪薪芯 胁褉邪褔邪屑懈)校 懈谐褉芯泻芯胁 DOTA 2 褔谢械薪 屑械薪褜褕械 褔械屑 褍 褕邪褏屑邪褌懈褋褌芯胁, (写芯泻邪蟹邪薪芯 胁褉邪褔邪屑懈)校 懈谐褉芯泻芯胁 DOTA 2 褔谢械薪 屑械薪褜褕械 褔械屑 褍 褕邪褏屑邪褌懈褋褌芯胁, (写芯泻邪蟹邪薪芯 胁褉邪褔邪屑懈)校 懈谐褉芯泻芯胁 DOTA 2 褔谢械薪 屑械薪褜褕械 褔械屑 褍 褕邪褏屑邪褌懈褋褌芯胁, (写芯泻邪蟹邪薪芯 胁褉邪褔邪屑懈)校 懈谐褉芯泻芯胁 DOTA 2 褔谢械薪 屑械薪褜褕械 褔械屑 褍 褕邪褏屑邪褌懈褋褌芯胁, (写芯泻邪蟹邪薪芯 胁褉邪褔邪屑懈)校 懈谐褉芯泻芯胁 DOTA 2 褔谢械薪 屑械薪褜褕械 褔械屑 褍 褕邪褏屑邪褌懈褋褌芯胁, (写芯泻邪蟹邪薪芯 胁褉邪褔邪屑懈)校 懈谐褉芯泻芯胁 DOTA 2 褔谢械薪 屑械薪褜褕械 褔械屑 褍 褕邪褏屑邪褌懈褋褌芯胁, (写芯泻邪蟹邪薪芯 胁褉邪褔邪屑懈)校 懈谐褉芯泻芯胁 DOTA 2 褔谢械薪 屑械薪褜褕械 褔械屑 褍 褕邪褏屑邪褌懈褋褌芯胁, (写芯泻邪蟹邪薪芯 胁褉邪褔邪屑懈)校 懈谐褉芯泻芯胁 DOTA 2 褔谢械薪 屑械薪褜褕械 褔械屑 褍 褕邪褏屑邪褌懈褋褌芯胁, (写芯泻邪蟹邪薪芯 胁褉邪褔邪屑懈)校 懈谐褉芯泻芯胁 DOTA 2 褔谢械薪 屑械薪褜褕械 褔械屑 褍 褕邪褏屑邪褌懈褋褌芯胁, (写芯泻邪蟹邪薪芯 胁褉邪褔邪屑懈)校 懈谐褉芯泻芯胁 DOTA 2 褔谢械薪 屑械薪褜褕械 褔械屑 褍 褕邪褏屑邪褌懈褋褌芯胁, (写芯泻邪蟹邪薪芯 胁褉邪褔邪屑懈)校 懈谐褉芯泻芯胁 DOTA 2 褔谢械薪 屑械薪褜褕械 褔械屑 褍 褕邪褏屑邪褌懈褋褌芯胁, (写芯泻邪蟹邪薪芯 胁褉邪褔邪屑懈)校 懈谐褉芯泻芯胁 DOTA 2 褔谢械薪 屑械薪褜褕械 褔械屑 褍 褕邪褏屑邪褌懈褋褌芯胁, (写芯泻邪蟹邪薪芯 胁褉邪褔邪屑懈)校 懈谐褉芯泻芯胁 DOTA 2 褔谢械薪 屑械薪褜褕械 褔械屑 褍 褕邪褏屑邪褌懈褋褌芯胁, (写芯泻邪蟹邪薪芯 胁褉邪褔邪屑懈)校 懈谐褉芯泻芯胁 DOTA 2 褔谢械薪 屑械薪褜褕械 褔械屑 褍 褕邪褏屑邪褌懈褋褌芯胁, (写芯泻邪蟹邪薪芯 胁褉邪褔邪屑懈)校 懈谐褉芯泻芯胁 DOTA 2 褔谢械薪 屑械薪褜褕械 褔械屑 褍 褕邪褏屑邪褌懈褋褌芯胁, (写芯泻邪蟹邪薪芯 胁褉邪褔邪屑懈)校 懈谐褉芯泻芯胁 DOTA 2 褔谢械薪 屑械薪褜褕械 褔械屑 褍 褕邪褏屑邪褌懈褋褌芯胁, (写芯泻邪蟹邪薪芯 胁褉邪褔邪屑懈)校 懈谐褉芯泻芯胁 DOTA 2 褔谢械薪 屑械薪褜褕械 褔械屑 褍 褕邪褏屑邪褌懈褋褌芯胁, (写芯泻邪蟹邪薪芯 胁褉邪褔邪屑懈)校 懈谐褉芯泻芯胁 DOTA 2 褔谢械薪 屑械薪褜褕械 褔械屑 褍 褕邪褏屑邪褌懈褋褌芯胁, (写芯泻邪蟹邪薪芯 胁褉邪褔邪屑懈)校 懈谐褉芯泻芯胁 DOTA 2 褔谢械薪 屑械薪褜褕械 褔械屑 褍 褕邪褏屑邪褌懈褋褌芯胁, (写芯泻邪蟹邪薪芯 胁褉邪褔邪屑懈)校 懈谐褉芯泻芯胁 DOTA 2 褔谢械薪 屑械薪褜褕械 褔械屑 褍 褕邪褏屑邪褌懈褋褌芯胁, (写芯泻邪蟹邪薪芯 胁褉邪褔邪屑懈)校 懈谐褉芯泻芯胁 DOTA 2 褔谢械薪 屑械薪褜褕械 褔械屑 褍 褕邪褏屑邪褌懈褋褌芯胁, (写芯泻邪蟹邪薪芯 胁褉邪褔邪屑懈)校 懈谐褉芯泻芯胁 DOTA 2 褔谢械薪 屑械薪褜褕械 褔械屑 褍 褕邪褏屑邪褌懈褋褌芯胁, (写芯泻邪蟹邪薪芯 胁褉邪褔邪屑懈)校 懈谐褉芯泻芯胁 DOTA 2 褔谢械薪 屑械薪褜褕械 褔械屑 褍 褕邪褏屑邪褌懈褋褌芯胁, (写芯泻邪蟹邪薪芯 胁褉邪褔邪屑懈)校 懈谐褉芯泻芯胁 DOTA 2 褔谢械薪 屑械薪褜褕械 褔械屑 褍 褕邪褏屑邪褌懈褋褌芯胁, (写芯泻邪蟹邪薪芯 胁褉邪褔邪屑懈)校 懈谐褉芯泻芯胁 DOTA 2 褔谢械薪 屑械薪褜褕械 褔械屑 褍 褕邪褏屑邪褌懈褋褌芯胁, (写芯泻邪蟹邪薪芯 胁褉邪褔邪屑懈)校 懈谐褉芯泻芯胁 DOTA 2 褔谢械薪 屑械薪褜褕械 褔械屑 褍 褕邪褏屑邪褌懈褋褌芯胁, (写芯泻邪蟹邪薪芯 胁褉邪褔邪屑懈)校 懈谐褉芯泻芯胁 DOTA 2 褔谢械薪 屑械薪褜褕械 褔械屑 褍 褕邪褏屑邪褌懈褋褌芯胁, (写芯泻邪蟹邪薪芯 胁褉邪褔邪屑懈)校 懈谐褉芯泻芯胁 DOTA 2 褔谢械薪 屑械薪褜褕械 褔械屑 褍 褕邪褏屑邪褌懈褋褌芯胁, (写芯泻邪蟹邪薪芯 胁褉邪褔邪屑懈)校 懈谐褉芯泻芯胁 DOTA 2 褔谢械薪 屑械薪褜褕械 褔械屑 褍 褕邪褏屑邪褌懈褋褌芯胁, (写芯泻邪蟹邪薪芯 胁褉邪褔邪屑懈)校 懈谐褉芯泻芯胁 DOTA 2 褔谢械薪 屑械薪褜褕械 褔械屑 褍 褕邪褏屑邪褌懈褋褌芯胁, (写芯泻邪蟹邪薪芯 胁褉邪褔邪屑懈)校 懈谐褉芯泻芯胁 DOTA 2 褔谢械薪 屑械薪褜褕械 褔械屑 褍 褕邪褏屑邪褌懈褋褌芯胁, (写芯泻邪蟹邪薪芯 胁褉邪褔邪屑懈)校 懈谐褉芯泻芯胁 DOTA 2 褔谢械薪 屑械薪褜褕械 褔械屑 褍 褕邪褏屑邪褌懈褋褌芯胁, (写芯泻邪蟹邪薪芯 胁褉邪褔邪屑懈)校 懈谐褉芯泻芯胁 DOTA 2 褔谢械薪 屑械薪褜褕械 褔械屑 褍 褕邪褏屑邪褌懈褋褌芯胁, (写芯泻邪蟹邪薪芯 胁褉邪褔邪屑懈)校 懈谐褉芯泻芯胁 DOTA 2 褔谢械薪 屑械薪褜褕械 褔械屑 褍 褕邪褏屑邪褌懈褋褌芯胁, (写芯泻邪蟹邪薪芯 胁褉邪褔邪屑懈)校 懈谐褉芯泻芯胁 DOTA 2 褔谢械薪 屑械薪褜褕械 褔械屑 褍 褕邪褏屑邪褌懈褋褌芯胁, (写芯泻邪蟹邪薪芯 胁褉邪褔邪屑懈)校 懈谐褉芯泻芯胁 DOTA 2 褔谢械薪 屑械薪褜褕械 褔械屑 褍 褕邪褏屑邪褌懈褋褌芯胁, (写芯泻邪蟹邪薪芯 胁褉邪褔邪屑懈)校 懈谐褉芯泻芯胁 DOTA 2 褔谢械薪 屑械薪褜褕械 褔械屑 褍 褕邪褏屑邪褌懈褋褌芯胁, (写芯泻邪蟹邪薪芯 胁褉邪褔邪屑懈)校 懈谐褉芯泻芯胁 DOTA 2 褔谢械薪 屑械薪褜褕械 褔械屑 褍 褕邪褏屑邪褌懈褋褌芯胁, (写芯泻邪蟹邪薪芯 胁褉邪褔邪屑懈)校 懈谐褉芯泻芯胁 DOTA 2 褔谢械薪 屑械薪褜褕械 褔械屑 褍 褕邪褏屑邪褌懈褋褌芯胁, (写芯泻邪蟹邪薪芯 胁褉邪褔邪屑懈)校 懈谐褉芯泻芯胁 DOTA 2 褔谢械薪 屑械薪褜褕械 褔械屑 褍 褕邪褏屑邪褌懈褋褌芯胁, (写芯泻邪蟹邪薪芯 胁褉邪褔邪屑懈)校 懈谐褉芯泻芯胁 DOTA 2 褔谢械薪 屑械薪褜褕械 褔械屑 褍 褕邪褏屑邪褌懈褋褌芯胁, (写芯泻邪蟹邪薪芯 胁褉邪褔邪屑懈)校 懈谐褉芯泻芯胁 DOTA 2 褔谢械薪 屑械薪褜褕械 褔械屑 褍 褕邪褏屑邪褌懈褋褌芯胁, (写芯泻邪蟹邪薪芯 胁褉邪褔邪屑懈)校 懈谐褉芯泻芯胁 DOTA 2 褔谢械薪 屑械薪褜褕械 褔械屑 褍 褕邪褏屑邪褌懈褋褌芯胁, (写芯泻邪蟹邪薪芯 胁褉邪褔邪屑懈)校 懈谐褉芯泻芯胁 DOTA 2 褔谢械薪 屑械薪褜褕械 褔械屑 褍 褕邪褏屑邪褌懈褋褌芯胁, (写芯泻邪蟹邪薪芯 胁褉邪褔邪屑懈)校 懈谐褉芯泻芯胁 DOTA 2 褔谢械薪 屑械薪褜褕械 褔械屑 褍 褕邪褏屑邪褌懈褋褌芯胁, (写芯泻邪蟹邪薪芯 胁褉邪褔邪屑懈)校 懈谐褉芯泻芯胁 DOTA 2 褔谢械薪 屑械薪褜褕械 褔械屑 褍 褕邪褏屑邪褌懈褋褌芯胁, (写芯泻邪蟹邪薪芯 胁褉邪褔邪屑懈)校 懈谐褉芯泻芯胁 DOTA 2 褔谢械薪 屑械薪褜褕械 褔械屑 褍 褕邪褏屑邪褌懈褋褌芯胁, (写芯泻邪蟹邪薪芯 胁褉邪褔邪屑懈)校 懈谐褉芯泻芯胁 DOTA 2 褔谢械薪 屑械薪褜褕械 褔械屑 褍 褕邪褏屑邪褌懈褋褌芯胁, (写芯泻邪蟹邪薪芯 胁褉邪褔邪屑懈)校 懈谐褉芯泻芯胁 DOTA 2 褔谢械薪 屑械薪褜褕械 褔械屑 褍 褕邪褏屑邪褌懈褋褌芯胁, (写芯泻邪蟹邪薪芯 胁褉邪褔邪屑懈)校 懈谐褉芯泻芯胁 DOTA 2 褔谢械薪 屑械薪褜褕械 褔械屑 褍 褕邪褏屑邪褌懈褋褌芯胁, (写芯泻邪蟹邪薪芯 胁褉邪褔邪屑懈)校 懈谐褉芯泻芯胁 DOTA 2 褔谢械薪 屑械薪褜褕械 褔械屑 褍 褕邪褏屑邪褌懈褋褌芯胁, (写芯泻邪蟹邪薪芯 胁褉邪褔邪屑懈)校 懈谐褉芯泻芯胁 DOTA 2 褔谢械薪 屑械薪褜褕械 褔械屑 褍 褕邪褏屑邪褌懈褋褌芯胁, (写芯泻邪蟹邪薪芯 胁褉邪褔邪屑懈)校 懈谐褉芯泻芯胁 DOTA 2 褔谢械薪 屑械薪褜褕械 褔械屑 褍 褕邪褏屑邪褌懈褋褌芯胁, (写芯泻邪蟹邪薪芯 胁褉邪褔邪屑懈)校 懈谐褉芯泻芯胁 DOTA 2 褔谢械薪 屑械薪褜褕械 褔械屑 褍 褕邪褏屑邪褌懈褋褌芯胁, (写芯泻邪蟹邪薪芯 胁褉邪褔邪屑懈)校 懈谐褉芯泻芯胁 DOTA 2 褔谢械薪 屑械薪褜褕械 褔械屑 褍 褕邪褏屑邪褌懈褋褌芯胁, (写芯泻邪蟹邪薪芯 胁褉邪褔邪屑懈)校 懈谐褉芯泻芯胁 DOTA 2 褔谢械薪 屑械薪褜褕械 褔械屑 褍 褕邪褏屑邪褌懈褋褌芯胁, (写芯泻邪蟹邪薪芯 胁褉邪褔邪屑懈)校 懈谐褉芯泻芯胁 DOTA 2 褔谢械薪 屑械薪褜褕械 褔械屑 褍 褕邪褏屑邪褌懈褋褌芯胁, (写芯泻邪蟹邪薪芯 胁褉邪褔邪屑懈)校 懈谐褉芯泻芯胁 DOTA 2 褔谢械薪 屑械薪褜褕械 褔械屑 褍 褕邪褏屑邪褌懈褋褌芯胁, (写芯泻邪蟹邪薪芯 胁褉邪褔邪屑懈)校 懈谐褉芯泻芯胁 DOTA 2 褔谢械薪 屑械薪褜褕械 褔械屑 褍 褕邪褏屑邪褌懈褋褌芯胁, (写芯泻邪蟹邪薪芯 胁褉邪褔邪屑懈)校 懈谐褉芯泻芯胁 DOTA 2 褔谢械薪 屑械薪褜褕械 褔械屑 褍 褕邪褏屑邪褌懈褋褌芯胁, (写芯泻邪蟹邪薪芯 胁褉邪褔邪屑懈)校 懈谐褉芯泻芯胁 DOTA 2 褔谢械薪 屑械薪褜褕械 褔械屑 褍 褕邪褏屑邪褌懈褋褌芯胁, (写芯泻邪蟹邪薪芯 胁褉邪褔邪屑懈)校 懈谐褉芯泻芯胁 DOTA 2 褔谢械薪 屑械薪褜褕械 褔械屑 褍 褕邪褏屑邪褌懈褋褌芯胁, (写芯泻邪蟹邪薪芯 胁褉邪褔邪屑懈)校 懈谐褉芯泻芯胁 DOTA 2 褔谢械薪 屑械薪褜褕械 褔械屑 褍 褕邪褏屑邪褌懈褋褌芯胁, (写芯泻邪蟹邪薪芯 胁褉邪褔邪屑懈)校 懈谐褉芯泻芯胁 DOTA 2 褔谢械薪 屑械薪褜褕械 褔械屑 褍 褕邪褏屑邪褌懈褋褌芯胁, (写芯泻邪蟹邪薪芯 胁褉邪褔邪屑懈)校 懈谐褉芯泻芯胁 DOTA 2 褔谢械薪 屑械薪褜褕械 褔械屑 褍 褕邪褏屑邪褌懈褋褌芯胁, (写芯泻邪蟹邪薪芯 胁褉邪褔邪屑懈)校 懈谐褉芯泻芯胁 DOTA 2 褔谢械薪 屑械薪褜褕械 褔械屑 褍 褕邪褏屑邪褌懈褋褌芯胁, (写芯泻邪蟹邪薪芯 胁褉邪褔邪屑懈)校 懈谐褉芯泻芯胁 DOTA 2 褔谢械薪 屑械薪褜褕械 褔械屑 褍 褕邪褏屑邪褌懈褋褌芯胁, (写芯泻邪蟹邪薪芯 胁褉邪褔邪屑懈)校 懈谐褉芯泻芯胁 DOTA 2 褔谢械薪 屑械薪褜褕械 褔械屑 褍 褕邪褏屑邪褌懈褋褌芯胁, (写芯泻邪蟹邪薪芯 胁褉邪褔邪屑懈)校 懈谐褉芯泻芯胁 DOTA 2 褔谢械薪 屑械薪褜褕械 褔械屑 褍 褕邪褏屑邪褌懈褋褌芯胁, (写芯泻邪蟹邪薪芯 胁褉邪褔邪屑懈)校 懈谐褉芯泻芯胁 DOTA 2 褔谢械薪 屑械薪褜褕械 褔械屑 褍 褕邪褏屑邪褌懈褋褌芯胁, (写芯泻邪蟹邪薪芯 胁褉邪褔邪屑懈)校 懈谐褉芯泻芯胁 DOTA 2 褔谢械薪 屑械薪褜褕械 褔械屑 褍 褕邪褏屑邪褌懈褋褌芯胁, (写芯泻邪蟹邪薪芯 胁褉邪褔邪屑懈)校 懈谐褉芯泻芯胁 DOTA 2 褔谢械薪 屑械薪褜褕械 褔械屑 褍 褕邪褏屑邪褌懈褋褌芯胁, (写芯泻邪蟹邪薪芯 胁褉邪褔邪屑懈)校 懈谐褉芯泻芯胁 DOTA 2 褔谢械薪 屑械薪褜褕械 褔械屑 褍 褕邪褏屑邪褌懈褋褌芯胁, (写芯泻邪蟹邪薪芯 胁褉邪褔邪屑懈)校 懈谐褉芯泻芯胁 DOTA 2 褔谢械薪 屑械薪褜褕械 褔械屑 褍 褕邪褏屑邪褌懈褋褌芯胁, (写芯泻邪蟹邪薪芯 胁褉邪褔邪屑懈)校 懈谐褉芯泻芯胁 DOTA 2 褔谢械薪 屑械薪褜褕械 褔械屑 褍 褕邪褏屑邪褌懈褋褌芯胁, (写芯泻邪蟹邪薪芯 胁褉邪褔邪屑懈)校 懈谐褉芯泻芯胁 DOTA 2 褔谢械薪 屑械薪褜褕械 褔械屑 褍 褕邪褏屑邪褌懈褋褌芯胁, (写芯泻邪蟹邪薪芯 胁褉邪褔邪屑懈)校 懈谐褉芯泻芯胁 DOTA 2 褔谢械薪 屑械薪褜褕械 褔械屑 褍 褕邪褏屑邪褌懈褋褌芯胁, (写芯泻邪蟹邪薪芯 胁褉邪褔邪屑懈)校 懈谐褉芯泻芯胁 DOTA 2 褔谢械薪 屑械薪褜褕械 褔械屑 褍 褕邪褏屑邪褌懈褋褌芯胁, (写芯泻邪蟹邪薪芯 胁褉邪褔邪屑懈)', '校 懈谐褉芯泻芯胁 DOTA 2 褔谢械薪 屑械薪褜褕械 褔械屑 褍 褕邪褏屑邪褌懈褋褌芯胁, (写芯泻邪蟹邪薪芯 胁褉邪褔邪屑懈)', '校 懈谐褉芯泻芯胁 DOTA 2 褔谢械薪 屑械薪褜褕械 褔械屑 褍 褕邪褏屑邪褌懈褋褌芯胁, (写芯泻邪蟹邪薪芯 胁褉邪褔邪屑懈)', 'published', 1, NULL, 'assets/Media/news/news_6a3b1c555d774_8afcdaa0.png', 'games', 1, 2, 6, 2, '2026-06-23 23:52:53', '2026-06-25 10:12:39'),
(100, 'The International 2026: 袩褉懈蟹芯胁芯泄 褎芯薪写 锌褉械胁褘褋懈谢 $40 屑懈谢谢懈芯薪芯胁', '袨褉谐邪薪懈蟹邪褌芯褉褘 褔械屑锌懈芯薪邪褌邪 The International 2026 芯斜褗褟胁懈谢懈 芯 薪芯胁芯屑 褉械泻芯褉写械 锌褉懈蟹芯胁芯谐芯 褎芯薪写邪. 袘谢邪谐芯写邪褉褟 锌褉芯写邪卸械 斜芯械胁褘褏 锌褉芯锌褍褋泻芯胁 懈 胁薪褍褌褉懈懈谐褉芯胁褘褏 锌褉械写屑械褌芯胁, 芯斜褖邪褟 褋褍屑屑邪 锌褉懈蟹芯胁 锌褉械胁褘褋懈谢邪 40 屑懈谢谢懈芯薪芯胁 写芯谢谢邪褉芯胁, 褔褌芯 褋褌邪谢芯 邪斜褋芯谢褞褌薪褘屑 褉械泻芯褉写芯屑 胁 懈褋褌芯褉懈懈 泻懈斜械褉褋锌芯褉褌邪.\r\n\r\n肖懈薪邪谢褜薪褘泄 褌褍褉薪懈褉 锌褉芯泄写械褌 胁 袣芯锌械薪谐邪谐械薪械 褋 15 锌芯 25 芯泻褌褟斜褉褟 2026 谐芯写邪. 20 谢褍褔褕懈褏 泻芯屑邪薪写 屑懈褉邪 褋芯泄写褍褌褋褟 胁 斜芯褉褜斜械 蟹邪 谐谢邪胁薪褘泄 褌褉芯褎械泄 - Aegis of Champions.\r\n\r\n袩芯 褋谢芯胁邪屑 锌褉械写褋褌邪胁懈褌械谢械泄 Valve, 懈薪褌械褉械褋 泻 DOTA 2 锌褉芯写芯谢卸邪械褌 褉邪褋褌懈, 邪 蟹褉懈褌械谢褜褋泻邪褟 邪褍写懈褌芯褉懈褟 褔械屑锌懈芯薪邪褌邪 芯斜械褖邪械褌 褋褌邪褌褜 褋邪屑芯泄 斜芯谢褜褕芯泄 蟹邪 胁褋褞 懈褋褌芯褉懈褞 褌褍褉薪懈褉邪. Team Spirit, 褋褌邪胁褕懈械 褔械屑锌懈芯薪邪屑懈 TI10, 褋薪芯胁邪 褋褔懈褌邪褞褌褋褟 褎邪胁芯褉懈褌邪屑懈.', '袩褉懈蟹芯胁芯泄 褎芯薪写 TI2026 锌芯斜懈谢 胁褋械 褉械泻芯褉写褘 泻懈斜械褉褋锌芯褉褌邪', '泻懈斜械褉褋锌芯褉褌, 褌褍褉薪懈褉, The International, DOTA 2', '', 1, NULL, 'assets/Media/news/news_6a3bf9c60bd13_3deb6ce3.jpg', 'games', 1, 6, 3, 3, '2026-06-20 07:30:00', '2026-06-24 15:37:42'),
(101, '袩邪褌褔 7.36b: 袩芯谢薪邪褟 锌械褉械褉邪斜芯褌泻邪 屑械褌褘 胁 DOTA 2', 'Valve 胁褘锌褍褋褌懈谢邪 屑邪褋褕褌邪斜薪芯械 芯斜薪芯胁谢械薪懈械 7.36b, 泻芯褌芯褉芯械 泻邪褉写懈薪邪谢褜薪芯 屑械薪褟械褌 懈谐褉芯胁褍褞 屑械褌褍. 袪邪蟹褉邪斜芯褌褔懈泻懈 锌械褉械褉邪斜芯褌邪谢懈 斜邪谢邪薪褋 斜芯谢械械 50 谐械褉芯械胁, 写芯斜邪胁懈谢懈 薪芯胁褘械 锌褉械写屑械褌褘 懈 懈蟹屑械薪懈谢懈 屑械褏邪薪懈泻褍 薪械泻芯褌芯褉褘褏 褋锌芯褋芯斜薪芯褋褌械泄.\n\n袨褋薪芯胁薪褘械 懈蟹屑械薪械薪懈褟:\n- 校胁械谢懈褔械薪邪 褋褌芯懈屑芯褋褌褜 胁褘泻褍锌邪 薪邪 200 蟹芯谢芯褌邪\n- 袩械褉械褉邪斜芯褌邪薪邪 褋懈褋褌械屑邪 芯锌褘褌邪\n- 袛芯斜邪胁谢械薪芯 3 薪芯胁褘褏 锌褉械写屑械褌邪: Harpoon, Staff of the Headmaster 懈 Phoenix Feather\n- Nerf Phantom Assassin 懈 Buff Anti-Mage\n- 袠蟹屑械薪械薪邪 屑械褏邪薪懈泻邪 泻褍褉褜械褉芯胁\n\n袩褉芯褎械褋褋懈芯薪邪谢褜薪褘械 懈谐褉芯泻懈 褍卸械 褌械褋褌懈褉褍褞褌 芯斜薪芯胁谢械薪懈械 薪邪 锌邪斜谢懈泻 屑邪褌褔邪褏. 袩械褉胁褘械 胁锌械褔邪褌谢械薪懈褟 - 懈谐褉邪 褋褌邪谢邪 斜芯谢械械 写懈薪邪屑懈褔薪芯泄 懈 蟹褉械谢懈褖薪芯泄.', '袦邪褋褕褌邪斜薪褘泄 斜邪谢邪薪褋-锌邪褌褔 屑械薪褟械褌 屑械褌褍', '锌邪褌褔, 斜邪谢邪薪褋, 芯斜薪芯胁谢械薪懈械, DOTA 2', 'published', 1, NULL, '/assets/Media/news/news_patch736.jpg', 'games', 1, 1, 1, 3, '2026-06-21 11:15:00', '2026-06-25 10:14:42'),
(102, 'CS2 Major Copenhagen: 肖懈薪邪谢 Team Spirit vs Heroic', '袙 蟹邪褏胁邪褌褘胁邪褞褖械屑 褎懈薪邪谢械 Copenhagen Major 2026 胁褋褌褉械褌褟褌褋褟 Team Spirit 懈 Heroic. 袪芯褋褋懈泄褋泻邪褟 泻芯屑邪薪写邪 锌芯泻邪蟹邪谢邪 胁械谢懈泻芯谢械锌薪褍褞 懈谐褉褍 薪邪 锌褉芯褌褟卸械薪懈懈 胁褋械谐芯 褌褍褉薪懈褉邪, 薪械 锌褉芯懈谐褉邪胁 薪懈 芯写薪芯泄 泻邪褉褌褘 胁 锌谢械泄-芯褎褎.\r\n\r\n袩芯谢褍褎懈薪邪谢褜薪褘械 屑邪褌褔懈:\r\n- Team Spirit 2:0 FaZe Clan\r\n- Heroic 2:1 Natus Vincere\r\n\r\n肖懈薪邪谢 薪邪褔薪械褌褋褟 褋械谐芯写薪褟 胁 20:00 锌芯 屑芯褋泻芯胁褋泻芯屑褍 胁褉械屑械薪懈. 袩褉懈蟹芯胁芯泄 褎芯薪写 褌褍褉薪懈褉邪 褋芯褋褌邪胁谢褟械褌 $1,250,000.\r\n\r\n袘褍泻屑械泻械褉褘 芯褌写邪褞褌 薪械斜芯谢褜褕芯械 锌褉械懈屑褍褖械褋褌胁芯 Team Spirit 褋 泻芯褝褎褎懈褑懈械薪褌芯屑 1.75. 协泻褋锌械褉褌褘 锌褉芯谐薪芯蟹懈褉褍褞褌 芯写薪褍 懈蟹 褋邪屑褘褏 蟹褉械谢懈褖薪褘褏 褋械褉懈泄 谐芯写邪.', '肖懈薪邪谢 屑械泄写卸芯褉邪 褍卸械 褋械谐芯写薪褟!', '泻懈斜械褉褋锌芯褉褌, 褌褍褉薪懈褉, 褎懈薪邪谢, CS2', '', 1, NULL, 'assets/Media/news/news_6a3bf9bcf3568_a732738e.jpg', 'games', 2, 6, 3, 3, '2026-06-22 06:00:00', '2026-06-24 15:37:32'),
(103, '袧芯胁褘泄 泻械泄褋 Revolution Collection 褍卸械 胁 CS2', 'Valve 写芯斜邪胁懈谢邪 胁 CS2 薪芯胁褘泄 泻械泄褋 Revolution Collection 褋 17 褋泻懈薪邪屑懈 芯褉褍卸懈褟 懈 褉械写泻懈屑 薪芯卸芯屑-斜邪斜芯褔泻芯泄. 袨褋芯斜芯械 胁薪懈屑邪薪懈械 锌褉懈胁谢械泻邪褞褌 褋泻懈薪褘 AK-47 \"Cyber Force\" 懈 AWP \"Neon Rider\".\n\n楔邪薪褋褘 胁褘锌邪写械薪懈褟:\n- 袗褉泻邪薪薪芯械 (褉械写泻芯械): 0.64%\n- 袟邪锌褉械褌薪芯械: 3.2%\n- 孝邪泄薪芯械: 15.98%\n- 袟邪褋械泻褉械褔械薪薪芯械: 79.92%\n\n笑械薪邪 泻械泄褋邪 薪邪 褌芯褉谐芯胁芯泄 锌谢芯褖邪写泻械 Steam 褋械泄褔邪褋 褋芯褋褌邪胁谢褟械褌 芯泻芯谢芯 150 褉褍斜谢械泄. 袗薪邪谢懈褌懈泻懈 锌褉械写褋泻邪蟹褘胁邪褞褌 褉芯褋褌 褑械薪褘 胁 斜谢懈卸邪泄褕懈械 薪械写械谢懈 懈蟹-蟹邪 胁褘褋芯泻芯谐芯 褋锌褉芯褋邪.', '袧芯胁褘械 褋泻懈薪褘 懈 薪芯卸-斜邪斜芯褔泻邪', '泻械泄褋, 褋泻懈薪褘, 锌褉械写屑械褌褘, CS2', 'published', 1, NULL, '/assets/Media/news/news_cs2case.jpg', 'games', 2, 1, 0, 2, '2026-06-19 13:45:00', '2026-06-25 10:14:46'),
(104, 'Valorant: Riot Games 锌褉械写褋褌邪胁懈谢邪 25-谐芯 邪谐械薪褌邪 Neon', 'Riot Games 芯褎懈褑懈邪谢褜薪芯 邪薪芯薪褋懈褉芯胁邪谢邪 25-谐芯 邪谐械薪褌邪 胁 Valorant. 袧芯胁褘泄 谐械褉芯泄 锌芯写 泻芯写芯胁褘屑 懈屑械薪械屑 \"Neon\" - 褝褌芯 褋锌褉懈薪褌械褉 懈蟹 肖懈谢懈锌锌懈薪 褋 褝谢械泻褌褉懈褔械褋泻懈屑懈 褋锌芯褋芯斜薪芯褋褌褟屑懈.\n\n小锌芯褋芯斜薪芯褋褌懈 Neon:\n- Q: 袘褘褋褌褉褘泄 褉褘胁芯泻 褋 褍褉芯薪芯屑 胁褉邪谐邪屑 薪邪 锌褍褌懈\n- E: 小褌邪褌懈褔械褋泻芯械 锌芯谢械, 蟹邪屑械写谢褟褞褖械械 锌褉芯褌懈胁薪懈泻芯胁\n- C: 袦芯谢薪懈械薪芯褋薪邪褟 谐褉邪薪邪褌邪 褋 芯谐谢褍褕械薪懈械屑\n- X (Ultimate): 袪械卸懈屑 芯胁械褉写褉邪泄胁邪 褋 褍胁械谢懈褔械薪薪芯泄 褋泻芯褉芯褋褌褜褞 懈 褍褉芯薪芯屑\n\n袗谐械薪褌 褋褌邪薪械褌 写芯褋褌褍锌械薪 写谢褟 懈谐褉褘 褍卸械 薪邪 褋谢械写褍褞褖械泄 薪械写械谢械 锌芯褋谢械 芯斜薪芯胁谢械薪懈褟 5.0. 袩褉芯褎械褋褋懈芯薪邪谢褜薪褘械 懈谐褉芯泻懈 褍卸械 薪邪蟹褘胁邪褞褌 Neon \"game-changer\" 写谢褟 褋芯褉械胁薪芯胁邪褌械谢褜薪芯泄 褋褑械薪褘.', '袧芯胁褘泄 写褍褝谢褟薪褌 褋 屑芯谢薪懈械薪芯褋薪褘屑懈 褋锌芯褋芯斜薪芯褋褌褟屑懈', '邪谐械薪褌, 芯斜薪芯胁谢械薪懈械, 锌械褉褋芯薪邪卸, Valorant', 'published', 1, NULL, '/assets/Media/news/news_valorant.jpg', 'games', 3, 2, 1, 3, '2026-06-23 08:20:00', '2026-06-25 10:13:26'),
(105, 'VCT Masters Reykjavik: Team Liquid 锌芯斜械卸写邪褞褌 Sentinels', 'Team Liquid 褋械薪褋邪褑懈芯薪薪芯 芯斜褘谐褉邪谢懈 写械泄褋褌胁褍褞褖懈褏 褔械屑锌懈芯薪芯胁 Sentinels 褋芯 褋褔械褌芯屑 3:2 胁 谐褉邪薪写-褎懈薪邪谢械 VCT Masters Reykjavik. 协褌芯 锌械褉胁邪褟 泻褉褍锌薪邪褟 锌芯斜械写邪 械胁褉芯锌械泄褋泻芯泄 泻芯屑邪薪写褘 薪邪写 褋械胁械褉芯邪屑械褉懈泻邪薪褋泻懈屑懈 褌懈褌邪薪邪屑懈.\r\n\r\n小褔械褌 锌芯 泻邪褉褌邪屑:\r\n- Haven: 13-11 (Liquid)\r\n- Bind: 9-13 (Sentinels)\r\n- Ascent: 13-8 (Liquid)\r\n- Split: 10-13 (Sentinels)\r\n- Icebox: 13-7 (Liquid)\r\n\r\nMVP 褌褍褉薪懈褉邪 锌褉懈蟹薪邪薪 ScreaM 褋 incredible K/D 1.47. 袩褉懈蟹芯胁褘械 Team Liquid 褋芯褋褌邪胁懈谢懈 $400,000.', '袝胁褉芯锌械泄褋泻懈泄 褌褉懈褍屑褎 胁 袠褋谢邪薪写懈懈', '褌褍褉薪懈褉, 泻懈斜械褉褋锌芯褉褌, 褔械屑锌懈芯薪邪褌, Valorant', '', 0, NULL, 'assets/Media/news/news_6a3bf9d54600a_58c2bdb2.jpg', 'games', 3, 6, 0, 0, '2026-06-18 16:30:00', '2026-06-24 15:37:57'),
(106, 'Apex Legends Season 18: 袧芯胁褘泄 谢械谐械薪写邪 Catalyst', 'Respawn Entertainment 邪薪芯薪褋懈褉芯胁邪谢邪 薪邪褔邪谢芯 18 褋械蟹芯薪邪 Apex Legends 锌芯写 薪邪蟹胁邪薪懈械屑 \"Resurrection\". 袚谢邪胁薪褘械 薪芯胁芯胁胁械写械薪懈褟:\n\n袧芯胁邪褟 谢械谐械薪写邪 - Catalyst (锌芯写写械褉卸泻邪):\n- 袩邪褋褋懈胁泻邪: 校褋泻芯褉械薪薪芯械 谢械褔械薪懈械\n- Q: 小芯蟹写邪薪懈械 斜邪褉褜械褉邪 懈蟹 ferrofluid\n- Ultimate: 小褌械薪邪, 蟹邪屑械写谢褟褞褖邪褟 胁褉邪谐芯胁\n\n袠蟹屑械薪械薪懈褟 泻邪褉褌褘:\n- World\'s Edge 锌芯谢褍褔邪械褌 屑邪褋褕褌邪斜薪褘泄 褉械屑械泄泻\n- 袛芯斜邪胁谢械薪褘 薪芯胁褘械 POI: Lava Siphon 懈 The Core\n\n小褌邪褉褌 褋械蟹芯薪邪 - 1 懈褞谢褟 2026 谐芯写邪.', '袦邪褋褕褌邪斜薪芯械 芯斜薪芯胁谢械薪懈械 褋械蟹芯薪邪', '褋械蟹芯薪, 谢械谐械薪写邪, 泻邪褉褌邪, Apex', 'published', 1, NULL, '/assets/Media/news/news_apex.jpg', 'games', 4, 1, 2, 3, '2026-06-24 05:00:00', '2026-06-25 10:13:01'),
(107, 'Fortnite 袚谢邪胁邪 4 小械蟹芯薪 3: 袛卸褍薪谐谢懈 蟹邪褏胁邪褌褘胁邪褞褌 芯褋褌褉芯胁', 'Epic Games 蟹邪锌褍褋褌懈谢邪 褌褉械褌懈泄 褋械蟹芯薪 褔械褌胁械褉褌芯泄 谐谢邪胁褘 Fortnite 锌芯写 薪邪蟹胁邪薪懈械屑 \"Wilds\". 袠谐褉芯泻芯胁 卸写褍褌:\n\n袧芯胁褘械 谢芯泻邪褑懈懈:\n- Rumble Ruins - 写褉械胁薪懈械 褏褉邪屑褘 胁 褑械薪褌褉械 泻邪褉褌褘\n- Shady Stilts - 蟹邪褌芯锌谢械薪薪邪褟 写械褉械胁薪褟\n- Jungle Biome 蟹邪薪懈屑邪械褌 40% 泻邪褉褌褘\n\n袨褉褍卸懈械 懈 锌褉械写屑械褌褘:\n- 袙芯蟹胁褉邪褖械薪懈械 Pump Shotgun\n- 袧芯胁褘泄 SMG \"Jungle Drum\"\n- Kinetic Blade 写谢褟 斜谢懈卸薪械谐芯 斜芯褟\n\nBattle Pass 胁泻谢褞褔邪械褌 褋泻懈薪 Indiana Jones (斜芯薪褍褋薪褘泄). 笑械薪邪 - 950 V-Bucks.', '袛卸褍薪谐谢懈 懈 褋芯泻褉芯胁懈褖邪', '褋械蟹芯薪, 芯斜薪芯胁谢械薪懈械, 泻邪褉褌邪, Fortnite', 'published', 1, NULL, '/assets/Media/news/news_fortnite.jpg', 'games', 5, 2, 1, 0, '2026-06-20 12:00:00', '2026-06-25 10:14:44'),
(108, 'Minecraft 1.21: 袛邪褌邪 胁褘褏芯写邪 芯斜薪芯胁谢械薪懈褟 Tricky Trials', 'Mojang 芯斜褗褟胁懈谢邪, 褔褌芯 芯斜薪芯胁谢械薪懈械 1.21 \"Tricky Trials\" 胁褘泄写械褌 15 懈褞谢褟 2026 谐芯写邪. 袩邪褌褔 写芯斜邪胁懈褌:\r\n\r\n袧芯胁褘械 褋褌褉褍泻褌褍褉褘:\r\n- Trial Chambers - 锌褉芯褑械写褍褉薪芯 谐械薪械褉懈褉褍械屑褘械 锌芯写蟹械屑械谢褜褟\r\n- Breeze 褋锌邪胁薪褟褌褋褟 褌芯谢褜泻芯 胁 薪芯胁褘褏 褋褌褉褍泻褌褍褉邪褏\r\n\r\n袩褉械写屑械褌褘:\r\n- Wind Charge (斜褉芯褋芯泻 褋 芯褌褌邪谢泻懈胁邪薪懈械屑)\r\n- Mace (薪芯胁芯械 芯褉褍卸懈械 斜谢懈卸薪械谐芯 斜芯褟)\r\n- Copper Bulb (芯褋胁械褖械薪懈械)\r\n- Crafter (邪胁褌芯屑邪褌懈褔械褋泻懈泄 泻褉邪褎褌)\r\n\r\n孝邪泻卸械 褍谢褍褔褕械薪邪 褋懈褋褌械屑邪 懈褋锌褘褌邪薪懈泄 懈 写芯斜邪胁谢械薪褘 薪芯胁褘械 写芯褋褌懈卸械薪懈褟.', '袥械褌芯 2026 - 胁褉械屑褟 懈褋锌褘褌邪薪懈泄', '芯斜薪芯胁谢械薪懈械, 胁械褉褋懈褟, 锌邪褌褔, Minecraft', '', 1, NULL, 'assets/Media/news/news_6a3bf9b243939_9d661b04.jpg', 'games', 12, 6, 1, 1, '2026-06-22 09:00:00', '2026-06-24 15:38:16'),
(109, 'GTA VI: 袩械褉胁褘械 褋泻褉懈薪褕芯褌褘 懈 写邪褌邪 褉械谢懈蟹邪', 'Rockstar Games 薪邪泻芯薪械褑-褌芯 锌芯写械谢懈谢邪褋褜 薪芯胁褘屑懈 写械褌邪谢褟屑懈 芯 GTA VI. 袨褎懈褑懈邪谢褜薪褘泄 褉械谢懈蟹 薪邪蟹薪邪褔械薪 薪邪 芯褋械薪褜 2027 谐芯写邪 写谢褟 PlayStation 5 懈 Xbox Series X|S.\n\n效褌芯 懈蟹胁械褋褌薪芯:\n- 袛械泄褋褌胁懈械 锌褉芯懈褋褏芯写懈褌 胁 Vice City (袦邪泄邪屑懈) 懈 芯泻褉械褋褌薪芯褋褌褟褏\n- 袛胁邪 懈谐褉邪斜械谢褜薪褘褏 锌械褉褋芯薪邪卸邪: Lucia 懈 Jason\n- 校谢褍褔褕械薪薪邪褟 褎懈蟹懈泻邪 懈 谐褉邪褎懈泻邪 薪邪 RAGE engine\n- 袨薪谢邪泄薪 褉械卸懈屑 GTA VI Online 褋 褋邪屑芯谐芯 蟹邪锌褍褋泻邪\n- 袪邪蟹屑械褉 泻邪褉褌褘 胁 3 褉邪蟹邪 斜芯谢褜褕械 GTA V\n\n袩褉械写蟹邪泻邪蟹褘 芯褌泻褉芯褞褌褋褟 胁 褟薪胁邪褉械 2027 谐芯写邪.', '袧邪泻芯薪械褑-褌芯 芯褎懈褑懈邪谢褜薪褘械 写邪薪薪褘械!', 'GTA 6, 褉械谢懈蟹, 薪芯胁芯褋褌懈, Rockstar', 'published', 1, NULL, '/assets/Media/news/news_gta6.jpg', 'games', 13, 1, 4, 3, '2026-06-23 14:00:00', '2026-06-25 10:14:38'),
(110, 'The Witcher 4: CD Projekt RED 锌芯泻邪蟹邪谢邪 谐械泄屑锌谢械泄', '袧邪 The Game Awards 2026 褋褌褍写懈褟 CD Projekt RED 锌褉械写褋褌邪胁懈谢邪 15 屑懈薪褍褌 谐械泄屑锌谢械褟 褋谢械写褍褞褖械泄 褔邪褋褌懈 袙械写褜屑邪泻邪.\n\n袨褋薪芯胁薪褘械 褎懈褕泻懈:\n- 袧芯胁邪褟 谐械褉芯懈薪褟 - Ciri (懈谐褉邪斜械谢褜薪褘泄 锌械褉褋芯薪邪卸)\n- 袨褌泻褉褘褌褘泄 屑懈褉 斜芯谢褜褕械 褔械屑 胁 Witcher 3 胁 2 褉邪蟹邪\n- 校谢褍褔褕械薪薪邪褟 斜芯械胁邪褟 褋懈褋褌械屑邪 褋 锌邪褉懈褉芯胁邪薪懈械屑\n- 袦邪谐懈褟 懈谐褉邪械褌 斜芯谢褜褕褍褞 褉芯谢褜\n- 袙褘斜芯褉 写懈邪谢芯谐芯胁 胁谢懈褟械褌 薪邪 褋褞卸械褌\n\n孝械褏薪懈褔械褋泻懈械 写械褌邪谢懈:\n- 袛胁懈卸芯泻 Unreal Engine 5\n- 袩芯写写械褉卸泻邪 4K 60fps 薪邪 泻芯薪褋芯谢褟褏\n- Ray Tracing 懈蟹 泻芯褉芯斜泻懈\n\n袪械谢懈蟹 蟹邪锌谢邪薪懈褉芯胁邪薪 薪邪 2028 谐芯写.', '小懈褉褨 胁芯蟹胁褉邪褖邪械褌褋褟!', '袙械写褜屑邪泻, 谐械泄屑锌谢械泄, RPG, CDPR', 'published', 1, NULL, '/assets/Media/news/news_witcher4.jpg', 'games', 15, 2, 1, 3, '2026-06-21 17:00:00', '2026-06-25 10:14:40'),
(111, 'RDR 2 PC: 袨斜薪芯胁谢械薪懈械 褋 褍谢褍褔褕械薪薪芯泄 谐褉邪褎懈泻芯泄', 'Rockstar 胁褘锌褍褋褌懈谢邪 泻褉褍锌薪芯械 芯斜薪芯胁谢械薪懈械 写谢褟 Red Dead Redemption 2 薪邪 PC 褋 锌芯写写械褉卸泻芯泄 薪芯胁褘褏 褌械褏薪芯谢芯谐懈泄:\r\n\r\n效褌芯 写芯斜邪胁谢械薪芯:\r\n- DLSS 3.0 芯褌 NVIDIA\r\n- FSR 3.0 芯褌 AMD\r\n- 校谢褍褔褕械薪薪褘械 褌械泻褋褌褍褉褘 胁 4K\r\n- Ray Tracing 写谢褟 褌械薪械泄 懈 芯褌褉邪卸械薪懈泄\r\n- 袩芯写写械褉卸泻邪 Ultrawide 屑芯薪懈褌芯褉芯胁 32:9\r\n\r\n袠褋锌褉邪胁谢械薪懈褟:\r\n- 校谢褍褔褕械薪邪 芯锌褌懈屑懈蟹邪褑懈褟\r\n- 校屑械薪褜褕械薪芯 锌芯褌褉械斜谢械薪懈械 VRAM\r\n- 袠褋锌褉邪胁谢械薪褘 胁褘谢械褌褘 薪邪 Windows 11\r\n\r\n袨斜薪芯胁谢械薪懈械 胁械褋懈褌 12 GB 懈 写芯褋褌褍锌薪芯 斜械褋锌谢邪褌薪芯.', '孝械褏薪芯谢芯谐懈褔械褋泻懈泄 邪锌谐褉械泄写 胁械褋褌械褉薪邪', '芯斜薪芯胁谢械薪懈械, 谐褉邪褎懈泻邪, PC, RDR2', '', 0, NULL, 'assets/Media/news/news_6a3bf9ce5a370_c79d11d0.jpg', 'games', 14, 6, 0, 0, '2026-06-19 07:30:00', '2026-06-24 15:37:50'),
(200, '袨褋褌芯褉芯卸薪芯 屑芯褕械薪薪懈泻懈!', '邪褎褘胁邪斜锌褏褎褘写胁锌褌褜芯卸褘泄谢斜胁邪泄锌褌芯褜写卸褎谢褜褘邪锌褌卸写褝谢褎褘胁邪锌褌芯褜褝卸谢写褎褘胁邪褌褜邪褎褘胁邪斜锌褏褎褘写胁锌褌褜芯卸褘泄谢斜胁邪泄锌褌芯褜写卸褎谢褜褘邪锌褌卸写褝谢褎褘胁邪锌褌芯褜褝卸谢写褎褘胁邪褌褜邪褎褘胁邪斜锌褏褎褘写胁锌褌褜芯卸褘泄谢斜胁邪泄锌褌芯褜写卸褎谢褜褘邪锌褌卸写褝谢褎褘胁邪锌褌芯褜褝卸谢写褎褘胁邪褌褜邪褎褘胁邪斜锌褏褎褘写胁锌褌褜芯卸褘泄谢斜胁邪泄锌褌芯褜写卸褎谢褜褘邪锌褌卸写褝谢褎褘胁邪锌褌芯褜褝卸谢写褎褘胁邪褌褜邪褎褘胁邪斜锌褏褎褘写胁锌褌褜芯卸褘泄谢斜胁邪泄锌褌芯褜写卸褎谢褜褘邪锌褌卸写褝谢褎褘胁邪锌褌芯褜褝卸谢写褎褘胁邪褌褜邪褎褘胁邪斜锌褏褎褘写胁锌褌褜芯卸褘泄谢斜胁邪泄锌褌芯褜写卸褎谢褜褘邪锌褌卸写褝谢褎褘胁邪锌褌芯褜褝卸谢写褎褘胁邪褌褜邪褎褘胁邪斜锌褏褎褘写胁锌褌褜芯卸褘泄谢斜胁邪泄锌褌芯褜写卸褎谢褜褘邪锌褌卸写褝谢褎褘胁邪锌褌芯褜褝卸谢写褎褘胁邪褌褜邪褎褘胁邪斜锌褏褎褘写胁锌褌褜芯卸褘泄谢斜胁邪泄锌褌芯褜写卸褎谢褜褘邪锌褌卸写褝谢褎褘胁邪锌褌芯褜褝卸谢写褎褘胁邪褌褜邪褎褘胁邪斜锌褏褎褘写胁锌褌褜芯卸褘泄谢斜胁邪泄锌褌芯褜写卸褎谢褜褘邪锌褌卸写褝谢褎褘胁邪锌褌芯褜褝卸谢写褎褘胁邪褌褜邪褎褘胁邪斜锌褏褎褘写胁锌褌褜芯卸褘泄谢斜胁邪泄锌褌芯褜写卸褎谢褜褘邪锌褌卸写褝谢褎褘胁邪锌褌芯褜褝卸谢写褎褘胁邪褌褜邪褎褘胁邪斜锌褏褎褘写胁锌褌褜芯卸褘泄谢斜胁邪泄锌褌芯褜写卸褎谢褜褘邪锌褌卸写褝谢褎褘胁邪锌褌芯褜褝卸谢写褎褘胁邪褌褜邪褎褘胁邪斜锌褏褎褘写胁锌褌褜芯卸褘泄谢斜胁邪泄锌褌芯褜写卸褎谢褜褘邪锌褌卸写褝谢褎褘胁邪锌褌芯褜褝卸谢写褎褘胁邪褌褜邪褎褘胁邪斜锌褏褎褘写胁锌褌褜芯卸褘泄谢斜胁邪泄锌褌芯褜写卸褎谢褜褘邪锌褌卸写褝谢褎褘胁邪锌褌芯褜褝卸谢写褎褘胁邪褌褜邪褎褘胁邪斜锌褏褎褘写胁锌褌褜芯卸褘泄谢斜胁邪泄锌褌芯褜写卸褎谢褜褘邪锌褌卸写褝谢褎褘胁邪锌褌芯褜褝卸谢写褎褘胁邪褌褜邪褎褘胁邪斜锌褏褎褘写胁锌褌褜芯卸褘泄谢斜胁邪泄锌褌芯褜写卸褎谢褜褘邪锌褌卸写褝谢褎褘胁邪锌褌芯褜褝卸谢写褎褘胁邪褌褜邪褎褘胁邪斜锌褏褎褘写胁锌褌褜芯卸褘泄谢斜胁邪泄锌褌芯褜写卸褎谢褜褘邪锌褌卸写褝谢褎褘胁邪锌褌芯褜褝卸谢写褎褘胁邪褌褜邪褎褘胁邪斜锌褏褎褘写胁锌褌褜芯卸褘泄谢斜胁邪泄锌褌芯褜写卸褎谢褜褘邪锌褌卸写褝谢褎褘胁邪锌褌芯褜褝卸谢写褎褘胁邪褌褜邪褎褘胁邪斜锌褏褎褘写胁锌褌褜芯卸褘泄谢斜胁邪泄锌褌芯褜写卸褎谢褜褘邪锌褌卸写褝谢褎褘胁邪锌褌芯褜褝卸谢写褎褘胁邪褌褜邪褎褘胁邪斜锌褏褎褘写胁锌褌褜芯卸褘泄谢斜胁邪泄锌褌芯褜写卸褎谢褜褘邪锌褌卸写褝谢褎褘胁邪锌褌芯褜褝卸谢写褎褘胁邪褌褜邪褎褘胁邪斜锌褏褎褘写胁锌褌褜芯卸褘泄谢斜胁邪泄锌褌芯褜写卸褎谢褜褘邪锌褌卸写褝谢褎褘胁邪锌褌芯褜褝卸谢写褎褘胁邪褌褜邪褎褘胁邪斜锌褏褎褘写胁锌褌褜芯卸褘泄谢斜胁邪泄锌褌芯褜写卸褎谢褜褘邪锌褌卸写褝谢褎褘胁邪锌褌芯褜褝卸谢写褎褘胁邪褌褜', '卸.褞卸.褞卸褝褞卸斜褞卸卸斜卸斜褞褎邪卸斜褎褘卸邪斜褎褘卸邪斜褎褘卸邪斜褎褘卸邪斜褎褘卸邪斜褎褘卸邪斜卸褎褘胁邪斜', '芯斜薪芯胁谢械薪懈械, 胁械褉褋懈褟, 锌邪褌褔, Minecraft', 'published', 1, NULL, 'assets/Media/news/news_6a3bfa0500919_7f4c9605.jpg', 'games', 11, 6, 2, 1, '2026-06-24 15:38:45', '2026-06-25 10:12:41'),
(201, '袙褘械蟹写薪芯泄 锌褉懈械屑 谐褉邪卸写邪薪', '小芯写械褉卸邪薪懈械 *小芯写械褉卸邪薪懈械 *小芯写械褉卸邪薪懈械 *小芯写械褉卸邪薪懈械 *小芯写械褉卸邪薪懈械 *小芯写械褉卸邪薪懈械 *小芯写械褉卸邪薪懈械 *小芯写械褉卸邪薪懈械 *小芯写械褉卸邪薪懈械 *小芯写械褉卸邪薪懈械 *小芯写械褉卸邪薪懈械 *', '袣褉邪褌泻芯械 芯锌懈褋邪薪懈械 (写谢褟 锌褉械胁褜褞)', '袛芯褌邪, 谐芯胁薪芯, 写芯褌邪 谐芯胁薪芯', 'published', 1, NULL, 'assets/Media/news/news_6a3c094bd1173_a406a11f.png', 'news', NULL, 6, 1, 1, '2026-06-24 16:43:55', '2026-06-25 10:12:44'),
(202, '袩褉芯褌懈胁芯写械泄褋褌胁懈械 泻芯褉褉褍锌褑懈懈', '小芯写械褉卸邪薪懈械 *小芯写械褉卸邪薪懈械 *小芯写械褉卸邪薪懈械 *小芯写械褉卸邪薪懈械 *小芯写械褉卸邪薪懈械 *', '袣褉邪褌泻芯械 芯锌懈褋邪薪懈械 (写谢褟 锌褉械胁褜褞)袣褉邪褌泻芯械 芯锌懈褋邪薪懈械 (写谢褟 锌褉械胁褜褞)袣褉邪褌泻芯械 芯锌懈褋邪薪懈械 (写谢褟 锌褉械胁褜褞)袣褉邪褌泻芯械 芯锌懈褋邪薪懈械 (写谢褟 锌褉械胁褜褞)袣褉邪褌泻芯械 芯锌懈褋邪薪懈械 (写谢褟 锌褉械胁褜褞)', '芯斜薪芯胁谢械薪懈械, 胁械褉褋懈褟, 锌邪褌褔, Minecraft', 'draft', 0, NULL, 'assets/Media/news/news_6a3c09c0154c4_1520b82e.png', 'games', 3, 6, 0, 0, '2026-06-24 16:45:52', '2026-06-24 16:45:59'),
(203, '袩谢邪褌薪褘械 褍褋谢褍谐懈', '协褌芯褌 锌芯褋褌 褌械褋褌芯胁褘泄 协褌芯褌 锌芯褋褌 褌械褋褌芯胁褘泄 协褌芯褌 锌芯褋褌 褌械褋褌芯胁褘泄 协褌芯褌 锌芯褋褌 褌械褋褌芯胁褘泄 协褌芯褌 锌芯褋褌 褌械褋褌芯胁褘泄 协褌芯褌 锌芯褋褌 褌械褋褌芯胁褘泄 协褌芯褌 锌芯褋褌 褌械褋褌芯胁褘泄 协褌芯褌 锌芯褋褌 褌械褋褌芯胁褘泄 协褌芯褌 锌芯褋褌 褌械褋褌芯胁褘泄协褌芯褌 锌芯褋褌 褌械褋褌芯胁褘泄 协褌芯褌 锌芯褋褌 褌械褋褌芯胁褘泄协褌芯褌 锌芯褋褌 褌械褋褌芯胁褘泄协褌芯褌 锌芯褋褌 褌械褋褌芯胁褘泄协褌芯褌 锌芯褋褌 褌械褋褌芯胁褘泄协褌芯褌 锌芯褋褌 褌械褋褌芯胁褘泄协褌芯褌 锌芯褋褌 褌械褋褌芯胁褘泄', '协褌芯褌 锌芯褋褌 褌械褋褌芯胁褘泄', '', 'published', 1, NULL, NULL, 'articles', NULL, 6, 0, 1, '2026-06-25 08:27:03', '2026-06-25 10:13:24'),
(205, '袩谢邪褌薪褘械 褍褋谢褍谐懈', 'azbcxdzxcb', 'b xzCB', 'zxcb', 'published', 1, NULL, 'assets/Media/news/news_6a3cf7074a961_9f5e407e.png', 'games', 6, 2, 0, 0, '2026-06-25 09:38:15', '2026-06-25 10:13:19'),
(206, '袨褋褌芯褉芯卸薪芯 屑芯褕械薪薪懈泻懈!', '袠写懈 薪邪褏褍泄 邪写屑懈薪', '袗写屑懈薪 褏褍械褋芯褋', '袛芯褌邪, 谐芯胁薪芯, 写芯褌邪 谐芯胁薪芯', 'draft', 0, NULL, 'assets/Media/news/news_6a3d0153750fb_e0839e1e.png', 'games', 4, 6, 0, 0, '2026-06-25 10:22:11', '2026-06-25 10:22:39');

-- --------------------------------------------------------

--
-- 小褌褉褍泻褌褍褉邪 褌邪斜谢懈褑褘 `news_likes`
--

CREATE TABLE `news_likes` (
  `id` int(11) NOT NULL,
  `user_id` int(11) NOT NULL,
  `news_id` int(11) NOT NULL,
  `created_at` timestamp NULL DEFAULT CURRENT_TIMESTAMP
) ENGINE=InnoDB DEFAULT CHARSET=utf8mb4 COLLATE=utf8mb4_unicode_ci;

--
-- 袛邪屑锌 写邪薪薪褘褏 褌邪斜谢懈褑褘 `news_likes`
--

INSERT INTO `news_likes` (`id`, `user_id`, `news_id`, `created_at`) VALUES
(1, 1, 100, '2026-06-20 08:00:00'),
(2, 2, 100, '2026-06-20 09:00:00'),
(3, 6, 100, '2026-06-20 10:00:00'),
(4, 1, 101, '2026-06-21 12:00:00'),
(5, 2, 101, '2026-06-21 13:00:00'),
(6, 6, 101, '2026-06-21 14:00:00'),
(7, 1, 102, '2026-06-22 07:00:00'),
(8, 2, 102, '2026-06-22 08:00:00'),
(9, 6, 102, '2026-06-22 09:00:00'),
(10, 1, 103, '2026-06-19 14:00:00'),
(11, 2, 103, '2026-06-19 15:00:00'),
(12, 1, 104, '2026-06-23 09:00:00'),
(13, 2, 104, '2026-06-23 10:00:00'),
(14, 6, 104, '2026-06-23 11:00:00'),
(15, 1, 106, '2026-06-24 06:00:00'),
(16, 2, 106, '2026-06-24 07:00:00'),
(18, 1, 109, '2026-06-23 15:00:00'),
(19, 2, 109, '2026-06-23 16:00:00'),
(20, 6, 109, '2026-06-23 17:00:00'),
(21, 1, 110, '2026-06-21 18:00:00'),
(22, 2, 110, '2026-06-21 19:00:00'),
(23, 6, 110, '2026-06-21 20:00:00'),
(29, 6, 106, '2026-06-24 15:36:45'),
(30, 6, 108, '2026-06-24 15:38:16'),
(35, 6, 201, '2026-06-24 16:57:23'),
(36, 6, 200, '2026-06-24 16:57:32'),
(38, 2, 203, '2026-06-25 09:19:52');

-- --------------------------------------------------------

--
-- 小褌褉褍泻褌褍褉邪 褌邪斜谢懈褑褘 `news_views`
--

CREATE TABLE `news_views` (
  `id` int(11) NOT NULL,
  `news_id` int(11) NOT NULL,
  `session_id` varchar(64) COLLATE utf8mb4_unicode_ci NOT NULL,
  `user_id` int(11) DEFAULT NULL,
  `ip_address` varchar(45) COLLATE utf8mb4_unicode_ci DEFAULT NULL,
  `viewed_at` timestamp NULL DEFAULT CURRENT_TIMESTAMP
) ENGINE=InnoDB DEFAULT CHARSET=utf8mb4 COLLATE=utf8mb4_unicode_ci;

--
-- 袛邪屑锌 写邪薪薪褘褏 褌邪斜谢懈褑褘 `news_views`
--

INSERT INTO `news_views` (`id`, `news_id`, `session_id`, `user_id`, `ip_address`, `viewed_at`) VALUES
(1, 100, 'sess_ti_1', 1, '127.0.0.1', '2026-06-20 07:35:00'),
(2, 100, 'sess_ti_2', 2, '127.0.0.1', '2026-06-20 08:00:00'),
(3, 100, 'sess_ti_3', 6, '127.0.0.1', '2026-06-20 09:00:00'),
(4, 102, 'sess_cs_1', 1, '127.0.0.1', '2026-06-22 06:30:00'),
(5, 102, 'sess_cs_2', 2, '127.0.0.1', '2026-06-22 07:00:00'),
(6, 102, 'sess_cs_3', 6, '127.0.0.1', '2026-06-22 08:00:00'),
(7, 109, 'sess_gta_1', 1, '127.0.0.1', '2026-06-23 14:30:00'),
(8, 109, 'sess_gta_2', 2, '127.0.0.1', '2026-06-23 15:00:00'),
(9, 109, 'sess_gta_3', 6, '127.0.0.1', '2026-06-23 16:00:00'),
(11, 101, '38doevl9028o2eb6t9c7iv7entl4tgjv', 6, '127.0.0.1', '2026-06-24 15:24:45'),
(12, 106, '38doevl9028o2eb6t9c7iv7entl4tgjv', 6, '127.0.0.1', '2026-06-24 15:26:00'),
(13, 108, '38doevl9028o2eb6t9c7iv7entl4tgjv', 6, '127.0.0.1', '2026-06-24 15:38:14'),
(14, 110, '38doevl9028o2eb6t9c7iv7entl4tgjv', 6, '127.0.0.1', '2026-06-24 15:52:24'),
(15, 17, '38doevl9028o2eb6t9c7iv7entl4tgjv', 6, '127.0.0.1', '2026-06-24 15:52:37'),
(16, 16, '38doevl9028o2eb6t9c7iv7entl4tgjv', 6, '127.0.0.1', '2026-06-24 15:52:39'),
(17, 104, '38doevl9028o2eb6t9c7iv7entl4tgjv', 6, '127.0.0.1', '2026-06-24 15:52:41'),
(18, 15, '38doevl9028o2eb6t9c7iv7entl4tgjv', 6, '127.0.0.1', '2026-06-24 15:52:43'),
(19, 107, '38doevl9028o2eb6t9c7iv7entl4tgjv', 6, '127.0.0.1', '2026-06-24 15:52:49'),
(20, 11, '38doevl9028o2eb6t9c7iv7entl4tgjv', 6, '127.0.0.1', '2026-06-24 15:52:50'),
(21, 200, '38doevl9028o2eb6t9c7iv7entl4tgjv', 6, '127.0.0.1', '2026-06-24 15:58:17'),
(22, 201, '38doevl9028o2eb6t9c7iv7entl4tgjv', 6, '127.0.0.1', '2026-06-24 16:53:52'),
(23, 200, '9l111ur653foiefarp3d8gg6hf6nu82i', 6, '127.0.0.1', '2026-06-25 07:09:53'),
(24, 17, '9l111ur653foiefarp3d8gg6hf6nu82i', 6, '127.0.0.1', '2026-06-25 07:54:01'),
(25, 109, '9l111ur653foiefarp3d8gg6hf6nu82i', 6, '127.0.0.1', '2026-06-25 08:08:16'),
(28, 106, 'vs4gud05qp8goprko0pfp29gs1jsfkv6', 6, '127.0.0.1', '2026-06-25 10:13:01');

-- --------------------------------------------------------

--
-- 小褌褉褍泻褌褍褉邪 褌邪斜谢懈褑褘 `notifications`
--

CREATE TABLE `notifications` (
  `id` int(11) NOT NULL,
  `user_id` int(11) NOT NULL,
  `type` varchar(50) NOT NULL,
  `message` text NOT NULL,
  `is_read` tinyint(1) NOT NULL DEFAULT '0',
  `created_at` timestamp NOT NULL DEFAULT CURRENT_TIMESTAMP
) ENGINE=InnoDB DEFAULT CHARSET=utf8mb4;

--
-- 袛邪屑锌 写邪薪薪褘褏 褌邪斜谢懈褑褘 `notifications`
--

INSERT INTO `notifications` (`id`, `user_id`, `type`, `message`, `is_read`, `created_at`) VALUES
(1, 2, 'post_approved', '袙邪褕邪 薪芯胁芯褋褌褜 芦袩谢邪褌薪褘械 褍褋谢褍谐懈禄 斜褘谢邪 芯锌褍斜谢懈泻芯胁邪薪邪!', 1, '2026-06-25 09:39:08'),
(2, 6, 'post_rejected', '袙邪褕邪 薪芯胁芯褋褌褜 芦袨褋褌芯褉芯卸薪芯 屑芯褕械薪薪懈泻懈!禄 斜褘谢邪 芯褌泻谢芯薪械薪邪.\n\n袩褉懈褔懈薪邪: 袧械 芯斜蟹褘胁邪泄褋褟 褝', 1, '2026-06-25 10:22:39'),
(3, 6, 'ticket_closed', '袙邪褕械 芯斜褉邪褖械薪懈械 芦袣褉邪褌泻芯械袧邪懈屑械薪芯胁邪薪懈械袦袨_袠孝_袠_袠袘禄 斜褘谢芯 蟹邪泻褉褘褌芯.', 1, '2026-06-25 10:57:16'),
(4, 4, 'ticket_reply', '袩芯谢褍褔械薪 芯褌胁械褌 薪邪 胁邪褕械 芯斜褉邪褖械薪懈械 芦袩芯屑芯谐懈褌械 锌邪卸械禄:\n\n袧械 薪械 薪械 薪械', 1, '2026-06-25 11:03:36');

-- --------------------------------------------------------

--
-- 小褌褉褍泻褌褍褉邪 褌邪斜谢懈褑褘 `profile_reviews`
--

CREATE TABLE `profile_reviews` (
  `id` int(11) NOT NULL,
  `author_id` int(11) NOT NULL,
  `target_user_id` int(11) NOT NULL,
  `text` text COLLATE utf8mb4_unicode_ci NOT NULL,
  `created_at` timestamp NULL DEFAULT CURRENT_TIMESTAMP
) ENGINE=InnoDB DEFAULT CHARSET=utf8mb4 COLLATE=utf8mb4_unicode_ci;

--
-- 袛邪屑锌 写邪薪薪褘褏 褌邪斜谢懈褑褘 `profile_reviews`
--

INSERT INTO `profile_reviews` (`id`, `author_id`, `target_user_id`, `text`, `created_at`) VALUES
(1, 2, 1, '袝斜谢邪薪 械褖械 褌芯褌', '2026-06-23 19:13:22'),
(2, 6, 1, '邪邪邪邪', '2026-06-24 02:35:16'),
(3, 6, 2, '褎邪褘', '2026-06-24 12:03:57'),
(4, 2, 1, '袨褌谢懈褔薪褘泄 邪胁褌芯褉! 袙褋械谐写邪 懈薪褌械褉械褋薪褘械 懈 邪泻褌褍邪谢褜薪褘械 薪芯胁芯褋褌懈. 袨褋芯斜械薪薪芯 薪褉邪胁褟褌褋褟 芯斜蟹芯褉褘 锌邪褌褔械泄 DOTA 2.', '2026-06-21 07:00:00'),
(5, 6, 1, '啸芯褉芯褕芯 锌懈褕械褌 锌褉芯 泻懈斜械褉褋锌芯褉褌, 卸写械屑 斜芯谢褜褕械 褋褌邪褌械泄 锌褉芯 褌褍褉薪懈褉褘!', '2026-06-22 12:00:00'),
(6, 1, 2, '袦邪薪褟 - 褌芯锌! 袝褢 褋褌邪褌褜懈 锌褉芯 Valorant 胁褋械谐写邪 薪邪 胁褘褋芯褌械. 小锌邪褋懈斜芯 蟹邪 泻邪褔械褋褌胁械薪薪褘泄 泻芯薪褌械薪褌!', '2026-06-23 09:00:00'),
(7, 6, 2, '小芯谐谢邪褋械薪, 芯褌谢懈褔薪褘械 屑邪褌械褉懈邪谢褘 锌芯 褕褍褌械褉邪屑. 袩褉芯写芯谢卸邪泄 胁 褌芯屑 卸械 写褍褏械!', '2026-06-23 15:00:00'),
(8, 1, 6, '袗写屑懈薪 写械谢邪械褌 芯谐褉芯屑薪褍褞 褉邪斜芯褌褍 写谢褟 褋邪泄褌邪. 袦薪芯谐芯 锌芯谢械蟹薪褘褏 褎懈褔 懈 斜褘褋褌褉邪褟 屑芯写械褉邪褑懈褟!', '2026-06-24 07:00:00'),
(9, 2, 6, '袥褍褔褕懈泄 屑芯写械褉邪褌芯褉! 袙褋械谐写邪 褋锌褉邪胁械写谢懈胁褘泄 懈 邪写械泻胁邪褌薪褘泄. 袪械褋锌械泻褌!', '2026-06-24 11:00:00');

-- --------------------------------------------------------

--
-- 小褌褉褍泻褌褍褉邪 褌邪斜谢懈褑褘 `review_likes`
--

CREATE TABLE `review_likes` (
  `id` int(11) NOT NULL,
  `review_id` int(11) NOT NULL,
  `user_id` int(11) NOT NULL,
  `created_at` datetime DEFAULT CURRENT_TIMESTAMP
) ENGINE=InnoDB DEFAULT CHARSET=utf8mb4 COLLATE=utf8mb4_unicode_ci;

--
-- 袛邪屑锌 写邪薪薪褘褏 褌邪斜谢懈褑褘 `review_likes`
--

INSERT INTO `review_likes` (`id`, `review_id`, `user_id`, `created_at`) VALUES
(1, 1, 6, '2026-06-21 10:30:00'),
(2, 1, 1, '2026-06-21 11:00:00'),
(3, 2, 1, '2026-06-22 15:30:00'),
(4, 3, 6, '2026-06-23 12:30:00'),
(5, 3, 1, '2026-06-23 13:00:00'),
(6, 4, 1, '2026-06-23 18:30:00'),
(7, 5, 2, '2026-06-24 10:30:00'),
(8, 5, 1, '2026-06-24 11:00:00'),
(9, 6, 1, '2026-06-24 14:30:00'),
(10, 6, 2, '2026-06-24 15:00:00');

-- --------------------------------------------------------

--
-- 小褌褉褍泻褌褍褉邪 褌邪斜谢懈褑褘 `tickets`
--

CREATE TABLE `tickets` (
  `id` int(11) NOT NULL,
  `user_id` int(11) NOT NULL,
  `subject` varchar(255) NOT NULL,
  `status` enum('open','closed','answered') NOT NULL DEFAULT 'open',
  `created_at` timestamp NOT NULL DEFAULT CURRENT_TIMESTAMP,
  `updated_at` timestamp NOT NULL DEFAULT CURRENT_TIMESTAMP ON UPDATE CURRENT_TIMESTAMP
) ENGINE=InnoDB DEFAULT CHARSET=utf8mb4;

--
-- 袛邪屑锌 写邪薪薪褘褏 褌邪斜谢懈褑褘 `tickets`
--

INSERT INTO `tickets` (`id`, `user_id`, `subject`, `status`, `created_at`, `updated_at`) VALUES
(1, 6, '袣褉邪褌泻芯械袧邪懈屑械薪芯胁邪薪懈械袦袨_袠孝_袠_袠袘', 'closed', '2026-06-25 10:42:00', '2026-06-25 10:57:16'),
(2, 4, '袩芯屑芯谐懈褌械 锌邪卸械', 'answered', '2026-06-25 11:03:07', '2026-06-25 11:03:36');

-- --------------------------------------------------------

--
-- 小褌褉褍泻褌褍褉邪 褌邪斜谢懈褑褘 `ticket_messages`
--

CREATE TABLE `ticket_messages` (
  `id` int(11) NOT NULL,
  `ticket_id` int(11) NOT NULL,
  `user_id` int(11) NOT NULL,
  `message` text NOT NULL,
  `is_admin` tinyint(1) NOT NULL DEFAULT '0',
  `created_at` timestamp NOT NULL DEFAULT CURRENT_TIMESTAMP
) ENGINE=InnoDB DEFAULT CHARSET=utf8mb4;

--
-- 袛邪屑锌 写邪薪薪褘褏 褌邪斜谢懈褑褘 `ticket_messages`
--

INSERT INTO `ticket_messages` (`id`, `ticket_id`, `user_id`, `message`, `is_admin`, `created_at`) VALUES
(1, 1, 6, '袘芯谢懈褌 褎褘胁褎胁褎褘胁', 0, '2026-06-25 10:42:00'),
(2, 1, 6, '褎褘胁褎褘胁褎褘胁褎褘胁', 0, '2026-06-25 10:56:54'),
(3, 2, 4, '袩芯屑芯谐懈褌械 锌邪卸械袩芯屑芯谐懈褌械 锌邪卸械袩芯屑芯谐懈褌械 锌邪卸械', 0, '2026-06-25 11:03:07'),
(4, 2, 6, '袧械 薪械 薪械 薪械', 1, '2026-06-25 11:03:36'),
(5, 2, 4, '袧褍 谢邪薪', 0, '2026-06-25 11:06:43');

-- --------------------------------------------------------

--
-- 小褌褉褍泻褌褍褉邪 褌邪斜谢懈褑褘 `users`
--

CREATE TABLE `users` (
  `id` int(11) NOT NULL,
  `login` varchar(50) COLLATE utf8mb4_unicode_ci NOT NULL,
  `password` varchar(255) COLLATE utf8mb4_unicode_ci NOT NULL,
  `name` varchar(100) COLLATE utf8mb4_unicode_ci NOT NULL,
  `email` varchar(100) COLLATE utf8mb4_unicode_ci NOT NULL,
  `phone` varchar(20) COLLATE utf8mb4_unicode_ci NOT NULL,
  `bio` text COLLATE utf8mb4_unicode_ci,
  `custom_background` varchar(255) COLLATE utf8mb4_unicode_ci DEFAULT NULL,
  `avatar` varchar(255) COLLATE utf8mb4_unicode_ci DEFAULT 'assets/Media/Photo/man.png',
  `role` enum('user','creator','moderator','admin') COLLATE utf8mb4_unicode_ci DEFAULT 'user',
  `posts_count` int(11) DEFAULT '0',
  `comments_count` int(11) DEFAULT '0',
  `top_liked_comment` int(11) DEFAULT '0',
  `total_likes` int(11) DEFAULT '0',
  `created_at` timestamp NULL DEFAULT CURRENT_TIMESTAMP,
  `last_activity` datetime DEFAULT NULL
) ENGINE=InnoDB DEFAULT CHARSET=utf8mb4 COLLATE=utf8mb4_unicode_ci;

--
-- 袛邪屑锌 写邪薪薪褘褏 褌邪斜谢懈褑褘 `users`
--

INSERT INTO `users` (`id`, `login`, `password`, `name`, `email`, `phone`, `bio`, `custom_background`, `avatar`, `role`, `posts_count`, `comments_count`, `top_liked_comment`, `total_likes`, `created_at`, `last_activity`) VALUES
(1, 'WomiPowe', '$2y$10$CoXeJFrQb8mSOUK4zv0oaeARwFsPHRW28pUWi6O8Kx5ntqNuObM6q', '袛屑懈褌褉懈泄', 'dmitri_guba@bk.ru', '+79020954393', '褎胁褘', NULL, 'assets/Media/avatars/avatar_6a340a8a3fcca_4fba8841.png', 'creator', 4, 14, 0, 12, '2026-06-15 14:53:04', '2026-06-24 18:24:05'),
(2, 'ManiPower', '$2y$10$1RCP6d8RQKUECW6wmd8aFOPRgbs0ypkMDc61FCP4G94MhKx2RhAXW', '袗谢械泻褋邪薪写褉邪', 'dmitri_guba@hotmail.com', '+79020954393', '卸写褎褘胁芯锌褝卸谢褎褘邪胁芯锌褝卸谢褎邪胁褘芯锌褉褝卸谢褎褘芯胁邪褝卸谢褉锌芯褎胁褝卸写谢邪褉锌芯锌褝卸谢褎胁邪芯褉褝卸谢褘胁邪芯褝卸褉谢芯褘胁邪褝卸谢褉芯褝卸褘谢胁邪芯褉褝卸谢褎胁邪芯褜褉褝卸写谢褘芯胁褎邪褝褉卸谢芯褎胁邪褝卸谢褉芯褎褝卸胁谢邪芯褉锌褝卸写谢褎胁芯邪褉褝卸谢芯褎胁邪褝卸谢褉芯', NULL, 'assets/Media/avatars/avatar_6a3ac3a25359d_9e85036b.jpg', 'moderator', 7, 9, 0, 12, '2026-06-15 14:54:53', '2026-06-25 13:05:46'),
(3, 'Ka1zeR', '$2y$10$lWYcftjwaNw8xlH8UoS6Ie1SKdrbcV0eyyqEpLBfII5ZhsISMZQQ2', '袠谢褜褟', 'Kaizer907@bk.ru', '+79023149745', '', NULL, 'assets/Media/avatars/avatar_6a32559e296b8_9f9d6d08.jpg', 'moderator', 0, 0, 0, 0, '2026-06-17 07:45:17', NULL),
(4, '13412412412', '$2y$10$BH4cDik4Ow7dLsey5Xjjvelo24jXb/Ok2EauMJBeQryefMBESdP4K', '124124124214', 'K.a.1.z.e.r@yandex.ru', '+79375348986', '', NULL, 'assets/Media/avatars/avatar_6a3438b15c86d_e6ca4f96.png', 'user', 0, 0, 0, 0, '2026-06-17 23:23:04', '2026-06-25 14:35:57'),
(5, 'admin', 'admin', '', 'admin890@bk.ru', '8(902)095 43 93', '携 袦芯写械褉邪褌芯褉 褋邪泄褌邪 BGN', NULL, 'assets/Media/Photo/man.png', 'user', 0, 0, 0, 0, '2026-06-23 20:39:36', NULL),
(6, 'admin123', '$2y$10$6mtXglje8fd2qDMKDHify.t5m9v3yjOGEn3yub5H7wLBpaaDewCxC', '袛屑懈褌褉懈泄', 'Kaizer907@aa.ru', '+79020954393', '袦芯写械褉邪褌芯褉 懈 邪写屑懈薪 褋邪泄褌邪 BGN', NULL, 'assets/Media/avatars/avatar_6a3af0593d720_685860ac.png', 'admin', 4, 7, 0, 6, '2026-06-23 20:42:20', '2026-06-25 15:07:50');

--
-- 袠薪写械泻褋褘 褋芯褏褉邪薪褢薪薪褘褏 褌邪斜谢懈褑
--

--
-- 袠薪写械泻褋褘 褌邪斜谢懈褑褘 `comments`
--
ALTER TABLE `comments`
  ADD PRIMARY KEY (`id`),
  ADD KEY `news_id` (`news_id`),
  ADD KEY `user_id` (`user_id`);

--
-- 袠薪写械泻褋褘 褌邪斜谢懈褑褘 `comment_likes`
--
ALTER TABLE `comment_likes`
  ADD PRIMARY KEY (`id`),
  ADD UNIQUE KEY `unique_like` (`comment_id`,`user_id`),
  ADD KEY `user_id` (`user_id`);

--
-- 袠薪写械泻褋褘 褌邪斜谢懈褑褘 `favorites`
--
ALTER TABLE `favorites`
  ADD PRIMARY KEY (`id`),
  ADD UNIQUE KEY `unique_favorite` (`user_id`,`news_id`),
  ADD KEY `news_id` (`news_id`);

--
-- 袠薪写械泻褋褘 褌邪斜谢懈褑褘 `games`
--
ALTER TABLE `games`
  ADD PRIMARY KEY (`id`),
  ADD UNIQUE KEY `name` (`name`),
  ADD UNIQUE KEY `slug` (`slug`);

--
-- 袠薪写械泻褋褘 褌邪斜谢懈褑褘 `likes`
--
ALTER TABLE `likes`
  ADD PRIMARY KEY (`id`),
  ADD UNIQUE KEY `unique_like` (`user_id`,`news_id`),
  ADD KEY `news_id` (`news_id`);

--
-- 袠薪写械泻褋褘 褌邪斜谢懈褑褘 `news`
--
ALTER TABLE `news`
  ADD PRIMARY KEY (`id`),
  ADD KEY `author_id` (`author_id`),
  ADD KEY `game_id` (`game_id`);

--
-- 袠薪写械泻褋褘 褌邪斜谢懈褑褘 `news_likes`
--
ALTER TABLE `news_likes`
  ADD PRIMARY KEY (`id`),
  ADD UNIQUE KEY `unique_like` (`user_id`,`news_id`),
  ADD KEY `news_id` (`news_id`);

--
-- 袠薪写械泻褋褘 褌邪斜谢懈褑褘 `news_views`
--
ALTER TABLE `news_views`
  ADD PRIMARY KEY (`id`),
  ADD UNIQUE KEY `unique_view` (`news_id`,`session_id`),
  ADD KEY `user_id` (`user_id`);

--
-- 袠薪写械泻褋褘 褌邪斜谢懈褑褘 `notifications`
--
ALTER TABLE `notifications`
  ADD PRIMARY KEY (`id`),
  ADD KEY `user_id` (`user_id`),
  ADD KEY `is_read` (`is_read`);

--
-- 袠薪写械泻褋褘 褌邪斜谢懈褑褘 `profile_reviews`
--
ALTER TABLE `profile_reviews`
  ADD PRIMARY KEY (`id`),
  ADD KEY `author_id` (`author_id`),
  ADD KEY `target_user_id` (`target_user_id`);

--
-- 袠薪写械泻褋褘 褌邪斜谢懈褑褘 `review_likes`
--
ALTER TABLE `review_likes`
  ADD PRIMARY KEY (`id`),
  ADD UNIQUE KEY `unique_like` (`review_id`,`user_id`),
  ADD KEY `user_id` (`user_id`);

--
-- 袠薪写械泻褋褘 褌邪斜谢懈褑褘 `tickets`
--
ALTER TABLE `tickets`
  ADD PRIMARY KEY (`id`),
  ADD KEY `user_id` (`user_id`),
  ADD KEY `status` (`status`);

--
-- 袠薪写械泻褋褘 褌邪斜谢懈褑褘 `ticket_messages`
--
ALTER TABLE `ticket_messages`
  ADD PRIMARY KEY (`id`),
  ADD KEY `ticket_id` (`ticket_id`),
  ADD KEY `user_id` (`user_id`);

--
-- 袠薪写械泻褋褘 褌邪斜谢懈褑褘 `users`
--
ALTER TABLE `users`
  ADD PRIMARY KEY (`id`),
  ADD UNIQUE KEY `login` (`login`),
  ADD UNIQUE KEY `email` (`email`);

--
-- AUTO_INCREMENT 写谢褟 褋芯褏褉邪薪褢薪薪褘褏 褌邪斜谢懈褑
--

--
-- AUTO_INCREMENT 写谢褟 褌邪斜谢懈褑褘 `comments`
--
ALTER TABLE `comments`
  MODIFY `id` int(11) NOT NULL AUTO_INCREMENT, AUTO_INCREMENT=201;

--
-- AUTO_INCREMENT 写谢褟 褌邪斜谢懈褑褘 `comment_likes`
--
ALTER TABLE `comment_likes`
  MODIFY `id` int(11) NOT NULL AUTO_INCREMENT, AUTO_INCREMENT=25;

--
-- AUTO_INCREMENT 写谢褟 褌邪斜谢懈褑褘 `favorites`
--
ALTER TABLE `favorites`
  MODIFY `id` int(11) NOT NULL AUTO_INCREMENT, AUTO_INCREMENT=25;

--
-- AUTO_INCREMENT 写谢褟 褌邪斜谢懈褑褘 `games`
--
ALTER TABLE `games`
  MODIFY `id` int(11) NOT NULL AUTO_INCREMENT, AUTO_INCREMENT=16;

--
-- AUTO_INCREMENT 写谢褟 褌邪斜谢懈褑褘 `likes`
--
ALTER TABLE `likes`
  MODIFY `id` int(11) NOT NULL AUTO_INCREMENT;

--
-- AUTO_INCREMENT 写谢褟 褌邪斜谢懈褑褘 `news`
--
ALTER TABLE `news`
  MODIFY `id` int(11) NOT NULL AUTO_INCREMENT, AUTO_INCREMENT=207;

--
-- AUTO_INCREMENT 写谢褟 褌邪斜谢懈褑褘 `news_likes`
--
ALTER TABLE `news_likes`
  MODIFY `id` int(11) NOT NULL AUTO_INCREMENT, AUTO_INCREMENT=39;

--
-- AUTO_INCREMENT 写谢褟 褌邪斜谢懈褑褘 `news_views`
--
ALTER TABLE `news_views`
  MODIFY `id` int(11) NOT NULL AUTO_INCREMENT, AUTO_INCREMENT=29;

--
-- AUTO_INCREMENT 写谢褟 褌邪斜谢懈褑褘 `notifications`
--
ALTER TABLE `notifications`
  MODIFY `id` int(11) NOT NULL AUTO_INCREMENT, AUTO_INCREMENT=5;

--
-- AUTO_INCREMENT 写谢褟 褌邪斜谢懈褑褘 `profile_reviews`
--
ALTER TABLE `profile_reviews`
  MODIFY `id` int(11) NOT NULL AUTO_INCREMENT, AUTO_INCREMENT=10;

--
-- AUTO_INCREMENT 写谢褟 褌邪斜谢懈褑褘 `review_likes`
--
ALTER TABLE `review_likes`
  MODIFY `id` int(11) NOT NULL AUTO_INCREMENT, AUTO_INCREMENT=11;

--
-- AUTO_INCREMENT 写谢褟 褌邪斜谢懈褑褘 `tickets`
--
ALTER TABLE `tickets`
  MODIFY `id` int(11) NOT NULL AUTO_INCREMENT, AUTO_INCREMENT=3;

--
-- AUTO_INCREMENT 写谢褟 褌邪斜谢懈褑褘 `ticket_messages`
--
ALTER TABLE `ticket_messages`
  MODIFY `id` int(11) NOT NULL AUTO_INCREMENT, AUTO_INCREMENT=6;

--
-- AUTO_INCREMENT 写谢褟 褌邪斜谢懈褑褘 `users`
--
ALTER TABLE `users`
  MODIFY `id` int(11) NOT NULL AUTO_INCREMENT, AUTO_INCREMENT=7;

--
-- 袨谐褉邪薪懈褔械薪懈褟 胁薪械褕薪械谐芯 泻谢褞褔邪 褋芯褏褉邪薪械薪薪褘褏 褌邪斜谢懈褑
--

--
-- 袨谐褉邪薪懈褔械薪懈褟 胁薪械褕薪械谐芯 泻谢褞褔邪 褌邪斜谢懈褑褘 `comments`
--
ALTER TABLE `comments`
  ADD CONSTRAINT `comments_ibfk_1` FOREIGN KEY (`news_id`) REFERENCES `news` (`id`) ON DELETE CASCADE,
  ADD CONSTRAINT `comments_ibfk_2` FOREIGN KEY (`user_id`) REFERENCES `users` (`id`) ON DELETE CASCADE;

--
-- 袨谐褉邪薪懈褔械薪懈褟 胁薪械褕薪械谐芯 泻谢褞褔邪 褌邪斜谢懈褑褘 `comment_likes`
--
ALTER TABLE `comment_likes`
  ADD CONSTRAINT `comment_likes_ibfk_1` FOREIGN KEY (`comment_id`) REFERENCES `comments` (`id`) ON DELETE CASCADE,
  ADD CONSTRAINT `comment_likes_ibfk_2` FOREIGN KEY (`user_id`) REFERENCES `users` (`id`) ON DELETE CASCADE;

--
-- 袨谐褉邪薪懈褔械薪懈褟 胁薪械褕薪械谐芯 泻谢褞褔邪 褌邪斜谢懈褑褘 `favorites`
--
ALTER TABLE `favorites`
  ADD CONSTRAINT `favorites_ibfk_1` FOREIGN KEY (`user_id`) REFERENCES `users` (`id`) ON DELETE CASCADE,
  ADD CONSTRAINT `favorites_ibfk_2` FOREIGN KEY (`news_id`) REFERENCES `news` (`id`) ON DELETE CASCADE;

--
-- 袨谐褉邪薪懈褔械薪懈褟 胁薪械褕薪械谐芯 泻谢褞褔邪 褌邪斜谢懈褑褘 `likes`
--
ALTER TABLE `likes`
  ADD CONSTRAINT `likes_ibfk_1` FOREIGN KEY (`user_id`) REFERENCES `users` (`id`) ON DELETE CASCADE,
  ADD CONSTRAINT `likes_ibfk_2` FOREIGN KEY (`news_id`) REFERENCES `news` (`id`) ON DELETE CASCADE;

--
-- 袨谐褉邪薪懈褔械薪懈褟 胁薪械褕薪械谐芯 泻谢褞褔邪 褌邪斜谢懈褑褘 `news`
--
ALTER TABLE `news`
  ADD CONSTRAINT `news_ibfk_1` FOREIGN KEY (`author_id`) REFERENCES `users` (`id`) ON DELETE CASCADE,
  ADD CONSTRAINT `news_ibfk_2` FOREIGN KEY (`game_id`) REFERENCES `games` (`id`) ON DELETE SET NULL;

--
-- 袨谐褉邪薪懈褔械薪懈褟 胁薪械褕薪械谐芯 泻谢褞褔邪 褌邪斜谢懈褑褘 `news_likes`
--
ALTER TABLE `news_likes`
  ADD CONSTRAINT `news_likes_ibfk_1` FOREIGN KEY (`user_id`) REFERENCES `users` (`id`) ON DELETE CASCADE,
  ADD CONSTRAINT `news_likes_ibfk_2` FOREIGN KEY (`news_id`) REFERENCES `news` (`id`) ON DELETE CASCADE;

--
-- 袨谐褉邪薪懈褔械薪懈褟 胁薪械褕薪械谐芯 泻谢褞褔邪 褌邪斜谢懈褑褘 `news_views`
--
ALTER TABLE `news_views`
  ADD CONSTRAINT `news_views_ibfk_1` FOREIGN KEY (`news_id`) REFERENCES `news` (`id`) ON DELETE CASCADE,
  ADD CONSTRAINT `news_views_ibfk_2` FOREIGN KEY (`user_id`) REFERENCES `users` (`id`) ON DELETE SET NULL;

--
-- 袨谐褉邪薪懈褔械薪懈褟 胁薪械褕薪械谐芯 泻谢褞褔邪 褌邪斜谢懈褑褘 `profile_reviews`
--
ALTER TABLE `profile_reviews`
  ADD CONSTRAINT `profile_reviews_ibfk_1` FOREIGN KEY (`author_id`) REFERENCES `users` (`id`) ON DELETE CASCADE,
  ADD CONSTRAINT `profile_reviews_ibfk_2` FOREIGN KEY (`target_user_id`) REFERENCES `users` (`id`) ON DELETE CASCADE;

--
-- 袨谐褉邪薪懈褔械薪懈褟 胁薪械褕薪械谐芯 泻谢褞褔邪 褌邪斜谢懈褑褘 `review_likes`
--
ALTER TABLE `review_likes`
  ADD CONSTRAINT `review_likes_ibfk_1` FOREIGN KEY (`review_id`) REFERENCES `profile_reviews` (`id`) ON DELETE CASCADE,
  ADD CONSTRAINT `review_likes_ibfk_2` FOREIGN KEY (`user_id`) REFERENCES `users` (`id`) ON DELETE CASCADE;
COMMIT;

/*!40101 SET CHARACTER_SET_CLIENT=@OLD_CHARACTER_SET_CLIENT */;
/*!40101 SET CHARACTER_SET_RESULTS=@OLD_CHARACTER_SET_RESULTS */;
/*!40101 SET COLLATION_CONNECTION=@OLD_COLLATION_CONNECTION */;
